mtllib model_1.mtl
o model_1
v 63.194461822509766 -24.931032180786133 220.66473388671875 
v 69.9554214477539 10.268327713012695 167.90440368652344 
v 63.01654052734375 11.525447845458984 165.82176208496094 
v 61.05942153930664 53.51325607299805 133.65646362304688 
v 74.58133697509766 50.37045669555664 138.05316162109375 
v 72.09046173095703 -22.291080474853516 134.1192626953125 
v 72.44629669189453 -46.8049201965332 169.06143188476562 
v 27.966299057006836 -96.83829498291016 137.59034729003906 
v 37.396060943603516 -79.61575317382812 185.25978088378906 
v 34.72726058959961 -87.40989685058594 196.36721801757812 
v 43.26742172241211 -72.19874572753906 214.41680908203125 
v 63.01654052734375 -43.41069412231445 220.43333435058594 
v 47.359580993652344 -45.2963752746582 234.31764221191406 
v 43.26742172241211 -64.27888488769531 230.6151580810547 
v 28.677980422973633 -73.20443725585938 228.9953155517578 
v 31.524700164794922 -46.30207061767578 248.20193481445312 
v -9.041060447692871 -86.52991485595703 213.49118041992188 
v -40.710819244384766 -47.18205642700195 236.1688690185547 
v -44.09130096435547 -96.83829498291016 157.0283660888672 
v 3.7691800594329834 -93.1926498413086 212.56556701660156 
v 47.537498474121094 -24.931032180786133 234.54904174804688 
v 31.702619552612305 -24.931032180786133 248.43333435058594 
v 45.580379486083984 -7.079927921295166 232.46640014648438 
v 51.45174026489258 -12.359831809997559 227.14407348632812 
v 33.125980377197266 48.10763931274414 189.42506408691406 
v 19.95989990234375 92.73539733886719 141.06141662597656 
v 66.21910095214844 79.15850067138672 93.85479736328125 
v 87.21366119384766 72.99861907958984 99.40852355957031 
v 86.32405853271484 1.2170640230178833 101.02835845947266 
v 45.40245819091797 -70.31306457519531 66.54901123046875 
v 12.487259864807129 -92.81551361083984 135.73910522460938 
v 10.885979652404785 -105.63813781738281 194.74737548828125 
v -9.396900177001953 -99.4782485961914 141.52423095703125 
v -31.8148193359375 -92.81551361083984 147.7721710205078 
v -45.5146598815918 -70.31306457519531 66.54901123046875 
v -84.12329864501953 -22.291080474853516 174.61514282226562 
v -45.15882110595703 10.268327713012695 229.4581298828125 
v -43.023780822753906 11.525447845458984 222.51597595214844 
v 39.70901870727539 -12.359831809997559 237.55731201171875 
v -6.016419887542725 48.10763931274414 210.9457244873047 
v -72.55850219726562 53.51325607299805 155.1771240234375 
v -83.76746368408203 50.37045669555664 162.35067749023438 
v -89.46089935302734 1.2170640230178833 104.49942779541016 
v -47.293861389160156 -62.5189208984375 35.07793045043945 
v -42.31209945678711 -85.77564239501953 66.54901123046875 
v -25.05385971069336 -80.74716186523438 62.152313232421875 
v -22.385059356689453 -63.52461624145508 60.30107498168945 
v -4.059299945831299 -72.32445526123047 92.6977767944336 
v 22.450780868530273 -63.52461624145508 60.30107498168945 
v 18.892379760742188 -53.97050476074219 29.52420997619629 
v 22.450780868530273 -77.22722625732422 49.42504119873047 
v 25.119579315185547 -80.74716186523438 62.152313232421875 
v 0.03285999968647957 -61.51322555541992 46.64817810058594 
v -18.82666015625 -53.97050476074219 29.52420997619629 
v -22.385059356689453 -77.22722625732422 49.42504119873047 
v -23.63050079345703 -87.53560638427734 50.11925506591797 
v -25.94346046447754 -89.04415130615234 60.99528884887695 
v -41.42250061035156 -93.4440689086914 66.54901123046875 
v -43.73545837402344 -81.12429809570312 52.664710998535156 
v -42.667938232421875 -89.79842376708984 53.590328216552734 
v -34.83945846557617 -95.5811767578125 44.334129333496094 
v -42.667938232421875 -96.4611587524414 45.72256088256836 
v -38.93162155151367 -99.3525390625 21.42503547668457 
v -43.55754089355469 -99.72967529296875 22.35065460205078 
v -43.55754089355469 -102.11820220947266 22.35065460205078 
v -43.55754089355469 -99.72967529296875 22.35065460205078 
v -42.667938232421875 -101.48963928222656 45.72256088256836 
v -42.667938232421875 -101.48963928222656 55.904380798339844 
v -35.55113983154297 -101.48963928222656 44.334129333496094 
v -28.96809959411621 -101.48963928222656 43.17710494995117 
v -36.61865997314453 -101.86677551269531 20.96222496032715 
v -32.70441818237305 -101.86677551269531 20.036605834960938 
v -43.55754089355469 -102.11820220947266 22.35065460205078 
v -39.46538162231445 -102.11820220947266 21.42503547668457 
v -27.188899993896484 -101.86677551269531 19.110984802246094 
v -30.391460418701172 -101.86677551269531 19.573795318603516 
v -23.63050079345703 -101.48963928222656 42.02008056640625 
v -23.63050079345703 -101.48963928222656 52.201900482177734 
v -27.188899993896484 -98.5982666015625 19.110984802246094 
v -27.188899993896484 -101.86677551269531 19.110984802246094 
v -23.63050079345703 -94.32405853271484 42.02008056640625 
v -25.94346046447754 -100.1068115234375 61.458099365234375 
v -29.501859664916992 -98.7239761352539 19.573795318603516 
v -27.722660064697266 -94.826904296875 42.945701599121094 
v -27.188899993896484 -98.5982666015625 19.110984802246094 
v -31.992740631103516 -98.84968566894531 20.036605834960938 
v -36.08489990234375 -99.22682189941406 20.730819702148438 
v -41.42250061035156 -100.1068115234375 65.6233901977539 
v 40.95446014404297 -99.60395812988281 21.65644073486328 
v 44.157020568847656 -99.85538482666016 22.35065460205078 
v 37.396060943603516 -95.83260345458984 44.796939849853516 
v 42.55574035644531 -96.4611587524414 45.72256088256836 
v 42.55574035644531 -89.79842376708984 53.590328216552734 
v 23.518299102783203 -87.53560638427734 50.11925506591797 
v 31.168859481811523 -95.20404052734375 43.639915466308594 
v 23.518299102783203 -94.32405853271484 42.02008056640625 
v 32.0584602355957 -98.84968566894531 20.036605834960938 
v 27.61046028137207 -98.47254943847656 19.110984802246094 
v 38.46358108520508 -99.4782485961914 21.19363021850586 
v 34.905181884765625 -99.10111236572266 20.499414443969727 
v 27.61046028137207 -101.7410659790039 19.110984802246094 
v 27.61046028137207 -98.47254943847656 19.110984802246094 
v 23.518299102783203 -101.48963928222656 42.02008056640625 
v 23.518299102783203 -101.48963928222656 52.201900482177734 
v 31.702619552612305 -101.7410659790039 19.805200576782227 
v 27.61046028137207 -101.7410659790039 19.110984802246094 
v 30.45718002319336 -101.48963928222656 43.40850830078125 
v 42.55574035644531 -101.48963928222656 55.904380798339844 
v 37.040218353271484 -101.48963928222656 44.796939849853516 
v 42.55574035644531 -101.48963928222656 45.72256088256836 
v 40.77653884887695 -102.24391174316406 21.65644073486328 
v 44.157020568847656 -102.24391174316406 22.35065460205078 
v 34.371421813964844 -101.99248504638672 20.499414443969727 
v 38.28565979003906 -101.99248504638672 21.19363021850586 
v 44.157020568847656 -99.85538482666016 22.35065460205078 
v 44.157020568847656 -102.24391174316406 22.35065460205078 
v 41.310298919677734 -100.1068115234375 65.6233901977539 
v 26.009180068969727 -100.1068115234375 61.458099365234375 
v 41.310298919677734 -93.4440689086914 66.54901123046875 
v 26.009180068969727 -89.04415130615234 60.99528884887695 
v 43.80118179321289 -81.12429809570312 52.664710998535156 
v 42.3778190612793 -85.77564239501953 66.54901123046875 
v 47.359580993652344 -62.5189208984375 35.07793045043945 
v 87.56950378417969 2.3484721183776855 41.55727005004883 
v 83.47734069824219 52.75898361206055 60.30107498168945 
v 55.54389953613281 61.18168640136719 54.74735641479492 
v 55.54389953613281 11.776871681213379 32.99528503417969 
v 24.585819244384766 113.85501861572266 96.40025329589844 
v -4.770979881286621 98.1410140991211 144.53250122070312 
v 13.554780006408691 53.387542724609375 200.0697021484375 
v -29.85770034790039 92.73539733886719 147.7721710205078 
v -66.15338134765625 79.15850067138672 93.85479736328125 
v -24.698020935058594 113.85501861572266 96.40025329589844 
v 0.03285999968647957 119.13491821289062 96.40025329589844 
v 20.671579360961914 108.44940185546875 35.07793045043945 
v 19.60405921936035 95.8781967163086 -9.814640045166016 
v 52.697181701660156 69.22725677490234 -11.897285461425781 
v 53.23094177246094 74.1300277709961 -39.20307540893555 
v 52.697181701660156 11.525447845458984 -11.897285461425781 
v 53.23094177246094 22.839527130126953 -39.20307540893555 
v 18.714460372924805 111.34077453613281 -66.50886535644531 
v 19.781980514526367 97.63816833496094 -40.59150314331055 
v 50.206298828125 79.03279113769531 -67.89729309082031 
v 0.03285999968647957 102.91807556152344 -40.59150314331055 
v 0.03285999968647957 101.1581039428711 -9.814640045166016 
v 0.03285999968647957 113.72930145263672 35.07793045043945 
v -20.78377914428711 108.44940185546875 35.07793045043945 
v 0.03285999968647957 116.62068176269531 -66.50886535644531 
v -19.894180297851562 97.63816833496094 -40.59150314331055 
v -19.538339614868164 95.8781967163086 -9.814640045166016 
v -53.165218353271484 74.1300277709961 -39.20307540893555 
v -50.31850051879883 79.03279113769531 -67.89729309082031 
v -50.31850051879883 36.03928756713867 -68.12870025634766 
v -39.10953903198242 79.28421783447266 -89.41796112060547 
v -18.648740768432617 111.34077453613281 -66.50886535644531 
v -27.0109806060791 92.23255157470703 -109.31878662109375 
v -28.612260818481445 87.45549774169922 -114.40969848632812 
v -39.10953903198242 47.35336685180664 -91.50060272216797 
v -50.31850051879883 -38.63364028930664 -65.35183715820312 
v -53.165218353271484 -45.044952392578125 -49.15348815917969 
v -53.165218353271484 22.839527130126953 -39.20307540893555 
v -52.6314582824707 11.525447845458984 -11.897285461425781 
v -52.6314582824707 69.22725677490234 -11.897285461425781 
v -55.65610122680664 61.18168640136719 54.74735641479492 
v -87.14794158935547 72.99861907958984 99.40852355957031 
v -87.50377655029297 2.3484721183776855 41.55727005004883 
v -55.65610122680664 11.776871681213379 32.99528503417969 
v -33.416099548339844 89.34117889404297 -94.2774658203125 
v -33.59402084350586 113.85501861572266 -112.55845642089844 
v -34.83945846557617 113.10074615478516 -84.09564208984375 
v -40.35498046875 133.591796875 -105.6163101196289 
v -42.134178161621094 132.5861053466797 -90.80638885498047 
v -17.93705940246582 -38.75935363769531 -8.426210403442383 
v 0.03285999968647957 -45.799224853515625 -8.426210403442383 
v 17.824859619140625 -38.75935363769531 -8.426210403442383 
v 27.432540893554688 -53.844791412353516 -34.574974060058594 
v 40.24277877807617 -51.83340072631836 -34.11216354370117 
v 53.23094177246094 -45.044952392578125 -49.15348815917969 
v 50.206298828125 36.03928756713867 -68.12870025634766 
v 50.206298828125 -38.63364028930664 -65.35183715820312 
v 39.17525863647461 47.35336685180664 -91.50060272216797 
v 39.17525863647461 79.28421783447266 -89.41796112060547 
v 44.51285934448242 -91.809814453125 -81.31878662109375 
v 37.75189971923828 -95.32975006103516 -73.45101165771484 
v 31.168859481811523 -96.4611587524414 -73.68241882324219 
v 26.18709945678711 -94.7011947631836 -82.2444076538086 
v 18.00278091430664 -50.57627868652344 -50.7733268737793 
v 18.00278091430664 -29.20524024963379 -39.20307540893555 
v 0.03285999968647957 -36.245113372802734 -39.20307540893555 
v 0.03285999968647957 -23.045352935791016 -68.12870025634766 
v -18.114980697631836 -29.20524024963379 -39.20307540893555 
v 17.11318016052246 -16.00547981262207 -68.12870025634766 
v 17.11318016052246 -44.16496658325195 -66.97167205810547 
v 25.831260681152344 -91.43267822265625 -90.57498168945312 
v 15.689820289611816 -100.2325210571289 -104.69068908691406 
v 16.757339477539062 -100.2325210571289 -100.06259155273438 
v 25.475419998168945 -100.2325210571289 -85.48407745361328 
v 37.75189971923828 -100.2325210571289 -85.0212631225586 
v 6.08213996887207 -105.63813781738281 -122.27747344970703 
v 6.08213996887207 -102.36962127685547 -122.27747344970703 
v 15.689820289611816 -105.26100158691406 -104.69068908691406 
v 16.757339477539062 -105.26100158691406 -100.06259155273438 
v 25.475419998168945 -105.26100158691406 -85.48407745361328 
v 37.75189971923828 -105.26100158691406 -85.0212631225586 
v 49.850460052490234 -100.2325210571289 -98.44275665283203 
v 49.850460052490234 -105.26100158691406 -98.44275665283203 
v 42.91157913208008 -88.54130554199219 -89.64936828613281 
v 47.18165969848633 -100.2325210571289 -103.99647521972656 
v 35.26102066040039 -87.53560638427734 -97.0543212890625 
v 32.94805908203125 -100.2325210571289 -109.78160095214844 
v 30.279260635375977 -88.28987884521484 -97.51713562011719 
v 23.8741397857666 -100.2325210571289 -110.2444076538086 
v 35.26102066040039 -36.74795913696289 -79.46754455566406 
v 13.376859664916992 -0.16576799750328064 -89.88076782226562 
v 25.653339385986328 -38.13079071044922 -80.62457275390625 
v 0.03285999968647957 -7.205639839172363 -89.88076782226562 
v -17.047460556030273 -16.00547981262207 -68.12870025634766 
v -17.047460556030273 -44.16496658325195 -66.97167205810547 
v -18.114980697631836 -50.57627868652344 -50.7733268737793 
v -27.366819381713867 -53.844791412353516 -34.574974060058594 
v -40.177059173583984 -51.83340072631836 -34.11216354370117 
v -37.86410140991211 -95.32975006103516 -73.45101165771484 
v -44.447139739990234 -91.809814453125 -81.31878662109375 
v -43.023780822753906 -88.54130554199219 -89.64936828613281 
v -35.1953010559082 -36.74795913696289 -79.46754455566406 
v -13.311140060424805 -0.16576799750328064 -89.88076782226562 
v -28.612260818481445 69.85581970214844 -116.26094055175781 
v -29.146020889282227 101.40953063964844 -140.5584716796875 
v -10.642339706420898 122.90628051757812 -114.64110565185547 
v -11.531940460205078 116.11782836914062 -140.7898712158203 
v 0.03285999968647957 121.39773559570312 -140.7898712158203 
v 0.03285999968647957 126.17478942871094 -114.64110565185547 
v 10.708060264587402 122.90628051757812 -114.64110565185547 
v 11.597660064697266 116.11782836914062 -140.7898712158203 
v 29.0338191986084 101.40953063964844 -140.5584716796875 
v 28.677980422973633 87.45549774169922 -114.40969848632812 
v 28.677980422973633 69.85581970214844 -116.26094055175781 
v 26.898780822753906 92.23255157470703 -109.31878662109375 
v 33.48181915283203 89.34117889404297 -94.2774658203125 
v 33.48181915283203 113.85501861572266 -112.55845642089844 
v 34.905181884765625 113.10074615478516 -84.09564208984375 
v 40.42070007324219 133.591796875 -105.6163101196289 
v 42.02198028564453 132.5861053466797 -90.80638885498047 
v 9.46261978149414 43.33058547973633 -118.57498931884766 
v 0.03285999968647957 36.919273376464844 -118.57498931884766 
v -25.58761978149414 -38.13079071044922 -80.62457275390625 
v -30.213539123535156 -88.28987884521484 -97.51713562011719 
v -25.765539169311523 -91.43267822265625 -90.57498168945312 
v -26.299299240112305 -94.7011947631836 -82.2444076538086 
v -31.103139877319336 -96.4611587524414 -73.68241882324219 
v -25.409700393676758 -100.2325210571289 -85.48407745361328 
v -37.686180114746094 -100.2325210571289 -85.0212631225586 
v -49.96266174316406 -100.2325210571289 -98.44275665283203 
v -47.11594009399414 -100.2325210571289 -103.99647521972656 
v -35.1953010559082 -87.53560638427734 -97.0543212890625 
v -32.88233947753906 -100.2325210571289 -109.78160095214844 
v -23.808420181274414 -100.2325210571289 -110.2444076538086 
v -15.802020072937012 -100.2325210571289 -104.69068908691406 
v -16.691619873046875 -100.2325210571289 -100.06259155273438 
v -16.691619873046875 -105.26100158691406 -100.06259155273438 
v -25.409700393676758 -105.26100158691406 -85.48407745361328 
v -37.686180114746094 -105.26100158691406 -85.0212631225586 
v -49.96266174316406 -105.26100158691406 -98.44275665283203 
v -54.58858108520508 -102.36962127685547 -109.08738708496094 
v -54.58858108520508 -105.63813781738281 -109.08738708496094 
v -15.802020072937012 -105.26100158691406 -104.69068908691406 
v -6.016419887542725 -105.63813781738281 -122.27747344970703 
v -6.016419887542725 -102.36962127685547 -122.27747344970703 
v -53.87689971923828 -105.63813781738281 -110.9386215209961 
v -54.58858108520508 -105.63813781738281 -109.08738708496094 
v -47.11594009399414 -105.26100158691406 -103.99647521972656 
v -32.88233947753906 -105.26100158691406 -109.78160095214844 
v -23.808420181274414 -105.26100158691406 -110.2444076538086 
v -25.58761978149414 -105.63813781738281 -129.21961975097656 
v -22.918819427490234 -105.63813781738281 -129.45101928710938 
v -41.0666618347168 -105.63813781738281 -123.66590118408203 
v -37.15242004394531 -105.63813781738281 -125.74854278564453 
v -8.32938003540039 -105.63813781738281 -124.36011505126953 
v -6.016419887542725 -105.63813781738281 -122.27747344970703 
v 273.673828125 -115.94651794433594 52.664710998535156 
v 272.6062927246094 -118.08362579345703 52.43330383300781 
v 273.673828125 -120.9749984741211 52.664710998535156 
v 243.24949645996094 -96.4611587524414 168.13580322265625 
v 245.74038696289062 -91.30696868896484 168.36720275878906 
v 247.1637420654297 -92.06124114990234 168.59861755371094 
v 199.48118591308594 -85.39850616455078 233.85482788085938 
v 196.27862548828125 -95.07833099365234 231.77218627929688 
v 247.1637420654297 -102.62104797363281 168.59861755371094 
v 251.2559051513672 -101.48963928222656 169.06143188476562 
v 274.7413330078125 -118.08362579345703 52.896114349365234 
v 248.58709716796875 -92.94122314453125 168.59861755371094 
v 202.86166381835938 -86.27848815917969 236.1688690185547 
v 206.06422424316406 -97.843994140625 238.48292541503906 
v 201.08245849609375 -100.60965728759766 235.01185607910156 
v 138.27670288085938 -96.08402252197266 239.17713928222656 
v 149.12982177734375 -95.4554672241211 252.8300323486328 
v 143.6143035888672 -100.1068115234375 246.11929321289062 
v 145.57142639160156 -81.12429809570312 248.43333435058594 
v 201.08245849609375 -85.77564239501953 235.01185607910156 
v 143.6143035888672 -81.25000762939453 245.88787841796875 
v 141.6571807861328 -81.37571716308594 243.57383728027344 
v 86.67990112304688 -74.08442687988281 244.96226501464844 
v 76.89430236816406 -95.7068862915039 225.75564575195312 
v 72.09046173095703 -101.36392974853516 233.3920135498047 
v 68.17622375488281 -96.96400451660156 241.49119567871094 
v 84.18901824951172 -75.21583557128906 251.210205078125 
v 3.7691800594329834 -93.1926498413086 212.56556701660156 
v 10.885979652404785 -105.63813781738281 194.74737548828125 
v 34.72726058959961 -87.40989685058594 196.36721801757812 
v 43.26742172241211 -72.19874572753906 214.41680908203125 
v 85.43446350097656 -74.58727264404297 247.9705352783203 
v 43.26742172241211 -64.27888488769531 230.6151580810547 
v 28.677980422973633 -73.20443725585938 228.9953155517578 
v 50.206298828125 79.03279113769531 -67.89729309082031 
v 39.17525863647461 79.28421783447266 -89.41796112060547 
v 18.714460372924805 111.34077453613281 -66.50886535644531 
v 14.622300148010254 123.78626251220703 -89.64936828613281 
v 0.03285999968647957 127.05477905273438 -89.64936828613281 
v 0.03285999968647957 126.17478942871094 -114.64110565185547 
v 10.708060264587402 122.90628051757812 -114.64110565185547 
v 19.781980514526367 121.52344512939453 -92.65763092041016 
v 18.53653907775879 121.27202606201172 -111.63284301757812 
v 31.702619552612305 128.8147430419922 -85.94688415527344 
v 34.905181884765625 113.10074615478516 -84.09564208984375 
v 33.48181915283203 89.34117889404297 -94.2774658203125 
v 0.03285999968647957 116.62068176269531 -66.50886535644531 
v 28.677980422973633 87.45549774169922 -114.40969848632812 
v 26.898780822753906 92.23255157470703 -109.31878662109375 
v 31.168859481811523 128.68902587890625 -114.40969848632812 
v 33.48181915283203 113.85501861572266 -112.55845642089844 
v 38.10773849487305 136.3574676513672 -90.34358215332031 
v 37.396060943603516 136.23175048828125 -105.38490295410156 
v 34.905181884765625 113.10074615478516 -84.09564208984375 
v 31.702619552612305 128.8147430419922 -85.94688415527344 
v 42.02198028564453 132.5861053466797 -90.80638885498047 
v 38.10773849487305 136.3574676513672 -90.34358215332031 
v 40.42070007324219 133.591796875 -105.6163101196289 
v 37.396060943603516 136.23175048828125 -105.38490295410156 
v 33.48181915283203 113.85501861572266 -112.55845642089844 
v 31.168859481811523 128.68902587890625 -114.40969848632812 
v 31.168859481811523 69.6043930053711 -140.32705688476562 
v 19.248220443725586 93.99252319335938 -173.8807830810547 
v 10.174300193786621 43.833431243896484 -143.3353271484375 
v 0.03285999968647957 37.296409606933594 -143.3353271484375 
v -9.396900177001953 43.33058547973633 -118.57498931884766 
v -31.103139877319336 69.6043930053711 -140.32705688476562 
v -19.1825008392334 93.99252319335938 -173.8807830810547 
v -11.709859848022461 108.44940185546875 -173.64938354492188 
v 0.03285999968647957 110.71221923828125 -173.64938354492188 
v 0.03285999968647957 98.64386749267578 -194.7072296142578 
v 11.775580406188965 108.44940185546875 -173.64938354492188 
v 9.284700393676758 96.25533294677734 -194.7072296142578 
v 15.333979606628418 87.32978057861328 -195.4014434814453 
v 24.941659927368164 67.46728515625 -174.1121826171875 
v 10.352219581604004 46.34767150878906 -173.1865692138672 
v 0.03285999968647957 39.93635940551758 -173.1865692138672 
v -10.286499977111816 43.833431243896484 -143.3353271484375 
v -25.05385971069336 67.46728515625 -174.1121826171875 
v -15.26826000213623 87.32978057861328 -195.4014434814453 
v -9.396900177001953 96.25533294677734 -194.7072296142578 
v 0.03285999968647957 93.48966979980469 -207.66590881347656 
v 8.039259910583496 92.60968780517578 -207.66590881347656 
v 13.19894027709961 84.94125366210938 -208.36012268066406 
v 17.46902084350586 69.47868347167969 -196.3270721435547 
v 8.395099639892578 53.764678955078125 -188.4593048095703 
v 0.03285999968647957 49.99332046508789 -188.4593048095703 
v -10.286499977111816 46.34767150878906 -173.1865692138672 
v -17.40329933166504 69.47868347167969 -196.3270721435547 
v -13.311140060424805 84.94125366210938 -208.36012268066406 
v -8.151459693908691 92.60968780517578 -207.66590881347656 
v 0.03285999968647957 89.34117889404297 -219.0047607421875 
v -4.94890022277832 88.46118927001953 -219.0047607421875 
v -5.660580158233643 85.94695281982422 -218.5419464111328 
v 0.03285999968647957 85.94695281982422 -220.8560028076172 
v 4.836699962615967 88.46118927001953 -219.0047607421875 
v 5.72629976272583 85.94695281982422 -218.5419464111328 
v 15.156060218811035 71.2386474609375 -209.28575134277344 
v 7.327579975128174 56.65605545043945 -206.50889587402344 
v 0.03285999968647957 53.8903923034668 -206.50889587402344 
v -8.32938003540039 53.764678955078125 -188.4593048095703 
v -15.090339660644531 71.2386474609375 -209.28575134277344 
v -5.660580158233643 80.54133605957031 -217.6163330078125 
v 0.03285999968647957 80.54133605957031 -219.9303741455078 
v 5.72629976272583 80.54133605957031 -217.6163330078125 
v 4.480860233306885 71.2386474609375 -216.69070434570312 
v 0.03285999968647957 68.59869384765625 -216.69070434570312 
v -4.59306001663208 71.2386474609375 -216.69070434570312 
v -7.261859893798828 56.65605545043945 -206.50889587402344 
v 54.654300689697266 -105.63813781738281 -109.08738708496094 
v 53.76470184326172 -105.63813781738281 -110.9386215209961 
v 47.18165969848633 -105.26100158691406 -103.99647521972656 
v 32.94805908203125 -105.26100158691406 -109.78160095214844 
v 23.8741397857666 -105.26100158691406 -110.2444076538086 
v 22.984540939331055 -105.63813781738281 -129.45101928710938 
v 25.475419998168945 -105.63813781738281 -129.21961975097656 
v 54.654300689697266 -105.63813781738281 -109.08738708496094 
v 54.654300689697266 -102.36962127685547 -109.08738708496094 
v 41.132381439208984 -105.63813781738281 -123.66590118408203 
v 37.040218353271484 -105.63813781738281 -125.74854278564453 
v 6.08213996887207 -105.63813781738281 -122.27747344970703 
v 8.395099639892578 -105.63813781738281 -124.36011505126953 
v 54.654300689697266 -102.36962127685547 -109.08738708496094 
v 53.76470184326172 -102.36962127685547 -110.9386215209961 
v 54.654300689697266 -105.63813781738281 -109.08738708496094 
v 53.76470184326172 -105.63813781738281 -110.9386215209961 
v 41.132381439208984 -102.36962127685547 -123.66590118408203 
v 37.040218353271484 -102.36962127685547 -125.74854278564453 
v 41.132381439208984 -105.63813781738281 -123.66590118408203 
v 37.040218353271484 -105.63813781738281 -125.74854278564453 
v 8.395099639892578 -102.36962127685547 -124.36011505126953 
v 6.08213996887207 -102.36962127685547 -122.27747344970703 
v 8.395099639892578 -105.63813781738281 -124.36011505126953 
v 6.08213996887207 -105.63813781738281 -122.27747344970703 
v 25.475419998168945 -102.36962127685547 -129.21961975097656 
v 22.984540939331055 -102.36962127685547 -129.45101928710938 
v 25.475419998168945 -105.63813781738281 -129.21961975097656 
v 22.984540939331055 -105.63813781738281 -129.45101928710938 
v 32.0584602355957 -98.84968566894531 20.036605834960938 
v 27.61046028137207 -98.47254943847656 19.110984802246094 
v 31.702619552612305 -101.7410659790039 19.805200576782227 
v 27.61046028137207 -101.7410659790039 19.110984802246094 
v -50.31850051879883 79.03279113769531 -67.89729309082031 
v -39.10953903198242 79.28421783447266 -89.41796112060547 
v -18.648740768432617 111.34077453613281 -66.50886535644531 
v -14.55657958984375 123.78626251220703 -89.64936828613281 
v 0.03285999968647957 127.05477905273438 -89.64936828613281 
v 0.03285999968647957 126.17478942871094 -114.64110565185547 
v -10.642339706420898 122.90628051757812 -114.64110565185547 
v -19.894180297851562 121.52344512939453 -92.65763092041016 
v -18.648740768432617 121.27202606201172 -111.63284301757812 
v -31.636899948120117 128.8147430419922 -85.94688415527344 
v -34.83945846557617 113.10074615478516 -84.09564208984375 
v -33.416099548339844 89.34117889404297 -94.2774658203125 
v 0.03285999968647957 116.62068176269531 -66.50886535644531 
v -28.612260818481445 87.45549774169922 -114.40969848632812 
v -27.0109806060791 92.23255157470703 -109.31878662109375 
v -31.103139877319336 128.68902587890625 -114.40969848632812 
v -33.59402084350586 113.85501861572266 -112.55845642089844 
v -38.04201889038086 136.3574676513672 -90.34358215332031 
v -37.33034133911133 136.23175048828125 -105.38490295410156 
v -31.103139877319336 128.68902587890625 -114.40969848632812 
v -33.59402084350586 113.85501861572266 -112.55845642089844 
v -37.33034133911133 136.23175048828125 -105.38490295410156 
v -40.35498046875 133.591796875 -105.6163101196289 
v -38.04201889038086 136.3574676513672 -90.34358215332031 
v -42.134178161621094 132.5861053466797 -90.80638885498047 
v -31.636899948120117 128.8147430419922 -85.94688415527344 
v -34.83945846557617 113.10074615478516 -84.09564208984375 
v -53.87689971923828 -105.63813781738281 -110.9386215209961 
v -54.58858108520508 -105.63813781738281 -109.08738708496094 
v -53.87689971923828 -102.36962127685547 -110.9386215209961 
v -54.58858108520508 -102.36962127685547 -109.08738708496094 
v -37.15242004394531 -105.63813781738281 -125.74854278564453 
v -41.0666618347168 -105.63813781738281 -123.66590118408203 
v -37.15242004394531 -102.36962127685547 -125.74854278564453 
v -41.0666618347168 -102.36962127685547 -123.66590118408203 
v -6.016419887542725 -105.63813781738281 -122.27747344970703 
v -8.32938003540039 -105.63813781738281 -124.36011505126953 
v -6.016419887542725 -102.36962127685547 -122.27747344970703 
v -8.32938003540039 -102.36962127685547 -124.36011505126953 
v -22.918819427490234 -105.63813781738281 -129.45101928710938 
v -25.58761978149414 -105.63813781738281 -129.21961975097656 
v -22.918819427490234 -102.36962127685547 -129.45101928710938 
v -25.58761978149414 -102.36962127685547 -129.21961975097656 
v -39.46538162231445 -102.11820220947266 21.42503547668457 
v -43.55754089355469 -102.11820220947266 22.35065460205078 
v -38.93162155151367 -99.3525390625 21.42503547668457 
v -43.55754089355469 -99.72967529296875 22.35065460205078 
v 49.850460052490234 -100.2325210571289 -98.44275665283203 
v 54.654300689697266 -102.36962127685547 -109.08738708496094 
v 47.18165969848633 -100.2325210571289 -103.99647521972656 
v 53.76470184326172 -102.36962127685547 -110.9386215209961 
v 47.18165969848633 -100.2325210571289 -103.99647521972656 
v 53.76470184326172 -102.36962127685547 -110.9386215209961 
v 47.18165969848633 -105.26100158691406 -103.99647521972656 
v 53.76470184326172 -105.63813781738281 -110.9386215209961 
v 47.18165969848633 -100.2325210571289 -103.99647521972656 
v 41.132381439208984 -102.36962127685547 -123.66590118408203 
v 32.94805908203125 -100.2325210571289 -109.78160095214844 
v 37.040218353271484 -102.36962127685547 -125.74854278564453 
v 47.18165969848633 -105.26100158691406 -103.99647521972656 
v 41.132381439208984 -105.63813781738281 -123.66590118408203 
v 47.18165969848633 -100.2325210571289 -103.99647521972656 
v 41.132381439208984 -102.36962127685547 -123.66590118408203 
v 32.94805908203125 -100.2325210571289 -109.78160095214844 
v 37.040218353271484 -102.36962127685547 -125.74854278564453 
v 32.94805908203125 -105.26100158691406 -109.78160095214844 
v 37.040218353271484 -105.63813781738281 -125.74854278564453 
v 23.8741397857666 -100.2325210571289 -110.2444076538086 
v 8.395099639892578 -102.36962127685547 -124.36011505126953 
v 15.689820289611816 -100.2325210571289 -104.69068908691406 
v 6.08213996887207 -102.36962127685547 -122.27747344970703 
v 23.8741397857666 -105.26100158691406 -110.2444076538086 
v 8.395099639892578 -105.63813781738281 -124.36011505126953 
v 23.8741397857666 -100.2325210571289 -110.2444076538086 
v 8.395099639892578 -102.36962127685547 -124.36011505126953 
v 32.94805908203125 -100.2325210571289 -109.78160095214844 
v 25.475419998168945 -102.36962127685547 -129.21961975097656 
v 23.8741397857666 -100.2325210571289 -110.2444076538086 
v 22.984540939331055 -102.36962127685547 -129.45101928710938 
v 32.94805908203125 -105.26100158691406 -109.78160095214844 
v 25.475419998168945 -105.63813781738281 -129.21961975097656 
v 32.94805908203125 -100.2325210571289 -109.78160095214844 
v 25.475419998168945 -102.36962127685547 -129.21961975097656 
v 23.8741397857666 -100.2325210571289 -110.2444076538086 
v 22.984540939331055 -102.36962127685547 -129.45101928710938 
v 23.8741397857666 -105.26100158691406 -110.2444076538086 
v 22.984540939331055 -105.63813781738281 -129.45101928710938 
v -47.11594009399414 -105.26100158691406 -103.99647521972656 
v -53.87689971923828 -105.63813781738281 -110.9386215209961 
v -47.11594009399414 -100.2325210571289 -103.99647521972656 
v -53.87689971923828 -102.36962127685547 -110.9386215209961 
v -47.11594009399414 -100.2325210571289 -103.99647521972656 
v -53.87689971923828 -102.36962127685547 -110.9386215209961 
v -49.96266174316406 -100.2325210571289 -98.44275665283203 
v -54.58858108520508 -102.36962127685547 -109.08738708496094 
v -32.88233947753906 -105.26100158691406 -109.78160095214844 
v -37.15242004394531 -105.63813781738281 -125.74854278564453 
v -32.88233947753906 -100.2325210571289 -109.78160095214844 
v -37.15242004394531 -102.36962127685547 -125.74854278564453 
v -47.11594009399414 -100.2325210571289 -103.99647521972656 
v -41.0666618347168 -102.36962127685547 -123.66590118408203 
v -47.11594009399414 -105.26100158691406 -103.99647521972656 
v -41.0666618347168 -105.63813781738281 -123.66590118408203 
v -32.88233947753906 -100.2325210571289 -109.78160095214844 
v -37.15242004394531 -102.36962127685547 -125.74854278564453 
v -47.11594009399414 -100.2325210571289 -103.99647521972656 
v -41.0666618347168 -102.36962127685547 -123.66590118408203 
v -23.808420181274414 -100.2325210571289 -110.2444076538086 
v -8.32938003540039 -102.36962127685547 -124.36011505126953 
v -23.808420181274414 -105.26100158691406 -110.2444076538086 
v -8.32938003540039 -105.63813781738281 -124.36011505126953 
v -15.802020072937012 -100.2325210571289 -104.69068908691406 
v -6.016419887542725 -102.36962127685547 -122.27747344970703 
v -23.808420181274414 -100.2325210571289 -110.2444076538086 
v -8.32938003540039 -102.36962127685547 -124.36011505126953 
v -23.808420181274414 -105.26100158691406 -110.2444076538086 
v -22.918819427490234 -105.63813781738281 -129.45101928710938 
v -23.808420181274414 -100.2325210571289 -110.2444076538086 
v -22.918819427490234 -102.36962127685547 -129.45101928710938 
v -32.88233947753906 -100.2325210571289 -109.78160095214844 
v -25.58761978149414 -102.36962127685547 -129.21961975097656 
v -32.88233947753906 -105.26100158691406 -109.78160095214844 
v -25.58761978149414 -105.63813781738281 -129.21961975097656 
v -23.808420181274414 -100.2325210571289 -110.2444076538086 
v -22.918819427490234 -102.36962127685547 -129.45101928710938 
v -32.88233947753906 -100.2325210571289 -109.78160095214844 
v -25.58761978149414 -102.36962127685547 -129.21961975097656 
v 40.95446014404297 -99.60395812988281 21.65644073486328 
v 44.157020568847656 -99.85538482666016 22.35065460205078 
v 40.77653884887695 -102.24391174316406 21.65644073486328 
v 44.157020568847656 -102.24391174316406 22.35065460205078 
v 34.905181884765625 -99.10111236572266 20.499414443969727 
v 38.46358108520508 -99.4782485961914 21.19363021850586 
v 34.371421813964844 -101.99248504638672 20.499414443969727 
v 38.28565979003906 -101.99248504638672 21.19363021850586 
v -27.188899993896484 -101.86677551269531 19.110984802246094 
v -30.391460418701172 -101.86677551269531 19.573795318603516 
v -27.188899993896484 -98.5982666015625 19.110984802246094 
v -29.501859664916992 -98.7239761352539 19.573795318603516 
v -32.70441818237305 -101.86677551269531 20.036605834960938 
v -36.61865997314453 -101.86677551269531 20.96222496032715 
v -31.992740631103516 -98.84968566894531 20.036605834960938 
v -36.08489990234375 -99.22682189941406 20.730819702148438 
v 30.45718002319336 -101.48963928222656 43.40850830078125 
v 31.702619552612305 -101.7410659790039 19.805200576782227 
v 31.168859481811523 -95.20404052734375 43.639915466308594 
v 32.0584602355957 -98.84968566894531 20.036605834960938 
v -35.55113983154297 -101.48963928222656 44.334129333496094 
v -39.46538162231445 -102.11820220947266 21.42503547668457 
v -34.83945846557617 -95.5811767578125 44.334129333496094 
v -38.93162155151367 -99.3525390625 21.42503547668457 
v 37.396060943603516 -95.83260345458984 44.796939849853516 
v 40.95446014404297 -99.60395812988281 21.65644073486328 
v 37.040218353271484 -101.48963928222656 44.796939849853516 
v 40.77653884887695 -102.24391174316406 21.65644073486328 
v 31.168859481811523 -95.20404052734375 43.639915466308594 
v 34.905181884765625 -99.10111236572266 20.499414443969727 
v 30.45718002319336 -101.48963928222656 43.40850830078125 
v 34.371421813964844 -101.99248504638672 20.499414443969727 
v 37.040218353271484 -101.48963928222656 44.796939849853516 
v 38.28565979003906 -101.99248504638672 21.19363021850586 
v 37.396060943603516 -95.83260345458984 44.796939849853516 
v 38.46358108520508 -99.4782485961914 21.19363021850586 
v -27.722660064697266 -94.826904296875 42.945701599121094 
v -29.501859664916992 -98.7239761352539 19.573795318603516 
v -28.96809959411621 -101.48963928222656 43.17710494995117 
v -30.391460418701172 -101.86677551269531 19.573795318603516 
v -28.96809959411621 -101.48963928222656 43.17710494995117 
v -32.70441818237305 -101.86677551269531 20.036605834960938 
v -27.722660064697266 -94.826904296875 42.945701599121094 
v -31.992740631103516 -98.84968566894531 20.036605834960938 
v -34.83945846557617 -95.5811767578125 44.334129333496094 
v -36.08489990234375 -99.22682189941406 20.730819702148438 
v -35.55113983154297 -101.48963928222656 44.334129333496094 
v -36.61865997314453 -101.86677551269531 20.96222496032715 
v -83.41162109375 52.75898361206055 60.30107498168945 
vn 0.9261348247528076 0.22438357770442963 0.30319350957870483 
vn 0.9728888869285583 0.11301048845052719 0.2017817199230194 
vn 0.6880732178688049 0.557675838470459 0.4642767012119293 
vn 0.6062887907028198 0.634284257888794 0.4796847105026245 
vn 0.8742322325706482 0.1945638209581375 0.44481781125068665 
vn 0.930974006652832 -0.3616139888763428 0.05022686347365379 
vn 0.9149535894393921 -0.40350592136383057 -0.006554040592163801 
vn 0.6551982760429382 -0.7472296953201294 -0.1111890971660614 
vn 0.7227352261543274 -0.6907072067260742 -0.024029340595006943 
vn 0.5638795495033264 -0.6465595364570618 -0.5138099193572998 
vn 0.9410961270332336 -0.1727575808763504 -0.29067665338516235 
vn 0.9285922646522522 -0.2755209505558014 0.24860523641109467 
vn 0.6624666452407837 -0.2580689787864685 0.7032341957092285 
vn 0.6103401184082031 0.14206930994987488 0.7792953848838806 
vn -0.22022397816181183 -0.40652215480804443 0.8867024183273315 
vn -0.07174183428287506 -0.21352870762348175 0.9742990136146545 
vn -0.499345600605011 -0.6892150640487671 0.5250110030174255 
vn -0.6315779685974121 -0.31968986988067627 0.7063339352607727 
vn -0.7648831605911255 -0.6396235823631287 0.0763898640871048 
vn -0.30301469564437866 -0.8300753235816956 0.46814218163490295 
vn 0.6606356501579285 0.0602150559425354 0.7482877969741821 
vn -0.06651230901479721 0.22410203516483307 0.9722933769226074 
vn 0.45105692744255066 0.5535143613815308 0.7001210451126099 
vn 0.7696012258529663 0.47991129755973816 0.42118772864341736 
vn 0.6637173295021057 0.5864524245262146 0.4642767012119293 
vn 0.5399267077445984 0.6995155811309814 0.46814218163490295 
vn 0.6398690938949585 0.7677851319313049 0.03276457265019417 
vn 0.9295144081115723 0.3472402095794678 0.1242060661315918 
vn 0.9587599635124207 -0.2682912349700928 0.09380380809307098 
vn 0.7821881175041199 -0.622394859790802 -0.028397228568792343 
vn 0.08856155723333359 -0.9461072087287903 -0.31150925159454346 
vn -0.015095127746462822 -0.9993491172790527 0.03276457265019417 
vn -0.037742096930742264 -0.9750242233276367 -0.21886809170246124 
vn -0.05281473696231842 -0.9837263822555542 -0.17173540592193604 
vn -0.7937623262405396 -0.600951075553894 -0.09380380809307098 
vn -0.9316595196723938 -0.2900126576423645 0.21886809170246124 
vn -0.6839150786399841 0.14228664338588715 0.715552031993866 
vn -0.20605187118053436 0.6707432270050049 0.7124928832054138 
vn 0.07683346420526505 0.4598357379436493 0.8846737742424011 
vn -0.23281781375408173 0.6384363174438477 0.7336177229881287 
vn -0.4245976209640503 0.7605876922607422 0.4911448359489441 
vn -0.9356318712234497 0.187552347779274 0.2990269064903259 
vn -0.9644397497177124 -0.26102471351623535 -0.04149730131030083 
vn -0.6900086402893066 -0.4565053880214691 -0.5616858005523682 
vn -0.49877554178237915 -0.09729310125112534 0.8612531423568726 
vn 0.6727457046508789 -0.022612713277339935 0.7395281791687012 
vn 0.17652955651283264 -0.9624847173690796 -0.2060592919588089 
vn -0.0641716718673706 -0.9189011454582214 -0.3892335295677185 
vn -0.21343106031417847 -0.9447976350784302 -0.24860523641109467 
vn 0.4838607907295227 -0.639629065990448 -0.5972883701324463 
vn -0.5874373912811279 -0.5460438132286072 -0.5972883701324463 
vn -0.672608494758606 -0.026379704475402832 0.7395281791687012 
vn 2.979427143369462e-13 -0.9617552757263184 -0.27391019463539124 
vn -0.48352256417274475 -0.6366010308265686 -0.6007870435714722 
vn 0.5900027751922607 -0.5432709455490112 -0.5972883701324463 
vn 0.6852683424949646 0.16471266746520996 -0.7094202041625977 
vn 0.7186940312385559 -0.0452163964509964 0.6938546895980835 
vn -0.36007192730903625 -0.07090481370687485 0.9302261471748352 
vn -0.5856953263282776 -0.5243136286735535 -0.6181069612503052 
vn -0.7902644276618958 0.10166024416685104 -0.6042742133140564 
vn -0.16701674461364746 0.9109782576560974 -0.37712597846984863 
vn -0.78669273853302 0.5977011919021606 -0.15449213981628418 
vn -0.12804363667964935 0.982232391834259 -0.1372016966342926 
vn -0.12804363667964935 0.982232391834259 -0.1372016966342926 
vn -0.999138593673706 -2.0664494963275326e-13 0.04149730131030083 
vn -0.999138593673706 -2.0664494963275326e-13 0.04149730131030083 
vn -0.7174162864685059 -0.6960657238960266 0.028397228568792343 
vn -0.5582179427146912 -0.8209896683692932 0.11986933648586273 
vn 3.0977209187522947e-13 -0.9999403357505798 0.010923261754214764 
vn 3.0977209187522947e-13 -0.9999403357505798 0.010923261754214764 
vn 3.09754338064655e-13 -0.9998830556869507 0.0152922747656703 
vn 3.09754338064655e-13 -0.9998830556869507 0.0152922747656703 
vn 0.007549653295427561 -0.9996827244758606 0.024029340595006943 
vn 0.007549653295427561 -0.9996827244758606 0.024029340595006943 
vn 3.09754338064655e-13 -0.9998830556869507 0.0152922747656703 
vn 3.09754338064655e-13 -0.9998830556869507 0.0152922747656703 
vn 0.8608759045600891 -0.5042945146560669 -0.06767380982637405 
vn 0.6930578947067261 -0.7050663828849792 0.15017375349998474 
vn 0.9879940152168274 0 -0.15449213981628418 
vn 0.9879940152168274 0 -0.15449213981628418 
vn 0.9115591645240784 0.3755359947681427 -0.16742929816246033 
vn 0.5369943976402283 -0.6129204034805298 0.5796254277229309 
vn -0.13167504966259003 0.9784895777702332 -0.15880759060382843 
vn -0.1708001345396042 0.9034257531166077 -0.3932546079158783 
vn -0.13167504966259003 0.9784895777702332 -0.15880759060382843 
vn -0.12991037964820862 0.9807397127151489 -0.1458524912595749 
vn -0.12991037964820862 0.9807397127151489 -0.1458524912595749 
vn -0.2972117066383362 -0.6252331733703613 0.7216291427612305 
vn 0.12804363667964935 0.982232391834259 -0.1372016966342926 
vn 0.12804363667964935 0.982232391834259 -0.1372016966342926 
vn 0.1709209382534027 0.9016451835632324 -0.3972681760787964 
vn 0.8750585317611694 0.471072793006897 -0.1111890971660614 
vn 0.7897738218307495 0.10540372133255005 -0.6042742133140564 
vn -0.7080164551734924 0.13144715130329132 -0.6938546895980835 
vn 0.16714681684970856 0.9092700481414795 -0.3811691105365753 
vn -0.7732561826705933 0.5935386419296265 -0.22312943637371063 
vn 0.12608323991298676 0.9805870056152344 -0.15017375349998474 
vn 0.12608323991298676 0.9805870056152344 -0.15017375349998474 
vn 0.1261657178401947 0.9812284708023071 -0.1458524912595749 
vn 0.1261657178401947 0.9812284708023071 -0.1458524912595749 
vn -0.9851431250572205 -2.0375036022517862e-13 -0.17173540592193604 
vn -0.9851431250572205 -2.0375036022517862e-13 -0.17173540592193604 
vn -0.8024542927742004 -0.5923499464988708 -0.07203252613544464 
vn -0.7010865211486816 -0.697083592414856 0.15017375349998474 
vn 3.0977209187522947e-13 -0.9999403357505798 0.010923261754214764 
vn 3.0977209187522947e-13 -0.9999403357505798 0.010923261754214764 
vn 3.0977209187522947e-13 -0.9999403357505798 0.010923261754214764 
vn 0.5582179427146912 -0.8209896683692932 0.11986933648586273 
vn 3.09754338064655e-13 -0.9998830556869507 0.0152922747656703 
vn 0.7911363244056702 -0.6102305054664612 0.04149730131030083 
vn -0.007548788096755743 -0.9995682239532471 0.028397228568792343 
vn -0.007548788096755743 -0.9995682239532471 0.028397228568792343 
vn -0.007549653295427561 -0.9996827244758606 0.024029340595006943 
vn -0.007549653295427561 -0.9996827244758606 0.024029340595006943 
vn 0.9979936480522156 0 0.0633138045668602 
vn 0.9979936480522156 0 0.0633138045668602 
vn 0.3006114959716797 -0.6236057281494141 0.7216291427612305 
vn -0.5341528058052063 -0.6153984069824219 0.5796254277229309 
vn 0.359327495098114 -0.07458572834730148 0.9302261471748352 
vn -0.7186940312385559 -0.0452163964509964 0.6938546895980835 
vn 0.5856953263282776 -0.5243136286735535 -0.6181069612503052 
vn 0.49877554178237915 -0.09729310125112534 0.8612531423568726 
vn 0.6928235292434692 -0.45668208599090576 -0.5580654144287109 
vn 0.8741750121116638 -0.19482077658176422 -0.44481781125068665 
vn 0.8762540817260742 0.2894752323627472 -0.3852050006389618 
vn 0.794913649559021 0.5206480026245117 -0.31150925159454346 
vn 0.8297210931777954 -0.09049971401691437 -0.5507928133010864 
vn 0.5797931551933289 0.8082904815673828 0.10250037163496017 
vn 0.07912663370370865 0.8587234616279602 0.5062933564186096 
vn 0.2464190572500229 0.7291052937507629 0.6385006904602051 
vn -0.44284510612487793 0.7670302391052246 0.4642767012119293 
vn -0.622394859790802 0.7821881175041199 -0.028397228568792343 
vn -0.5571425557136536 0.8291494250297546 0.04586252197623253 
vn 0.015086782164871693 0.9891912937164307 0.1458524912595749 
vn 0.6066816449165344 0.7797881364822388 -0.15449213981628418 
vn 0.6032407283782959 0.79623943567276 -0.04586252197623253 
vn 0.9293742179870605 0.36861494183540344 -0.01966099627315998 
vn 0.9198065400123596 0.3896825611591339 0.04586252197623253 
vn 0.9758322238922119 -0.2171960175037384 0.024029340595006943 
vn 0.9995414018630981 -0.0302029550075531 0.002184694167226553 
vn 0.623969554901123 0.7651419043540955 0.15880759060382843 
vn 0.5179900527000427 0.8342620730400085 0.18892620503902435 
vn 0.919263482093811 0.38230282068252563 -0.09380380809307098 
vn 0.0037720282562077045 0.9629355072975159 0.26970529556274414 
vn -0.001888211234472692 0.9893045425415039 -0.1458524912595749 
vn 0.0018876449903473258 0.9866044521331787 -0.16312000155448914 
vn -0.6066816449165344 0.7797881364822388 -0.15449213981628418 
vn -0.0037716731894761324 0.8956131339073181 0.44481781125068665 
vn -0.5211942195892334 0.8322640657424927 0.18892620503902435 
vn -0.6062465906143188 0.7939531803131104 -0.04586252197623253 
vn -0.9212731719017029 0.38620245456695557 0.04586252197623253 
vn -0.9207056760787964 0.3788164258003235 -0.09380380809307098 
vn -0.9384039044380188 -0.026430262252688408 -0.34452807903289795 
vn -0.916303277015686 0.2754911780357361 -0.29067665338516235 
vn -0.623969554901123 0.7651419043540955 0.15880759060382843 
vn -0.8988138437271118 0.06789767742156982 -0.43303996324539185 
vn -0.9690679311752319 0.22450165450572968 -0.10250037163496017 
vn -0.7652900218963623 -0.17965230345726013 -0.6181069612503052 
vn -0.9278009533882141 -1.914786417530484e-13 -0.37307560443878174 
vn -0.9796233773231506 -0.15783177316188812 0.1242060661315918 
vn -0.9995414018630981 -0.0302029550075531 0.002184694167226553 
vn -0.9758322238922119 -0.2171960175037384 0.024029340595006943 
vn -0.9293742179870605 0.36861494183540344 -0.01966099627315998 
vn -0.792839527130127 0.5238009691238403 -0.31150925159454346 
vn -0.9401553273200989 0.34040287137031555 0.0152922747656703 
vn -0.870175302028656 -0.19473934173583984 -0.45262736082077026 
vn -0.8297210931777954 -0.09049971401691437 -0.5507928133010864 
vn -0.9911839365959167 0.12430208176374435 0.04586252197623253 
vn -0.9624057412147522 -0.2318294644355774 -0.1415284425020218 
vn -0.9612009525299072 -0.23930834233760834 -0.1372016966342926 
vn -0.9380514025688171 -0.3369565010070801 -0.08074574917554855 
vn -0.9380514025688171 -0.3369565010070801 -0.08074574917554855 
vn -0.6962119340896606 -0.7175670266151428 0.01966099627315998 
vn -0.0018870257772505283 -0.9502412676811218 -0.31150925159454346 
vn 0.6962119340896606 -0.7175670266151428 0.01966099627315998 
vn -0.14945253729820251 -0.659631609916687 0.736579954624176 
vn 0.7262547612190247 -0.4113166034221649 0.5507928133010864 
vn 0.9796233773231506 -0.15783177316188812 0.1242060661315918 
vn 0.938289999961853 -0.030204791575670242 -0.34452807903289795 
vn 0.9278009533882141 0 -0.37307560443878174 
vn 0.7652900218963623 -0.17965230345726013 -0.6181069612503052 
vn 0.916303277015686 0.2754911780357361 -0.29067665338516235 
vn 0.936087429523468 -0.30455026030540466 0.1760382205247879 
vn 0.5207927823066711 -0.616742730140686 0.590256929397583 
vn -0.5233319401741028 -0.6311796307563782 0.5724822878837585 
vn -0.9449180960655212 -0.26100456714630127 0.1975002884864807 
vn -0.954154372215271 -0.25371164083480835 0.15880759060382843 
vn -0.5078288912773132 -0.8342994451522827 -0.21460255980491638 
vn -0.003778499783948064 -0.9357218146324158 -0.3527185618877411 
vn 0.0018872895743697882 -0.8710758686065674 -0.4911448359489441 
vn 0.5046011805534363 -0.8362555503845215 -0.21460255980491638 
vn -0.5685068964958191 -0.679151713848114 -0.4642767012119293 
vn -0.9839998483657837 -0.0716673731803894 -0.16312000155448914 
vn -0.9606496691703796 0.09425997734069824 -0.2612801790237427 
vn -0.8009352684020996 0.59871506690979 -0.006554040592163801 
vn -0.8780790567398071 0.3320806622505188 0.34452807903289795 
vn -0.6480002999305725 -0.34075191617012024 0.681163489818573 
vn 0.49001625180244446 -0.628280758857727 0.6042742133140564 
vn -0.8774328231811523 0.003770934883505106 0.4796847105026245 
vn -0.8774328231811523 0.003770934883505106 0.4796847105026245 
vn -0.29904481768608093 -0.9423481225967407 0.15017375349998474 
vn -0.23561549186706543 -0.9644255638122559 0.11986933648586273 
vn -0.1595975160598755 -0.9606372714042664 0.22738653421401978 
vn 0.1373511701822281 -0.957710325717926 0.25283506512641907 
vn 0.9422902464866638 0.17998187243938446 0.28230419754981995 
vn 0.33280080556869507 -0.911910355091095 0.2401314377784729 
vn 0.8304233551025391 0.22414152324199677 -0.5100564956665039 
vn 0.5102398991584778 0.695213794708252 -0.5062933564186096 
vn 0.4405927062034607 0.4058644771575928 -0.8007197380065918 
vn 0.2268173098564148 0.7176280617713928 -0.6584556698799133 
vn -0.5627951622009277 0.38087618350982666 -0.7336177229881287 
vn -0.33490973711013794 0.811010479927063 -0.4796847105026245 
vn 0.5849048495292664 -0.0075622848235070705 -0.8110666871070862 
vn 0.2804213762283325 -0.3724461495876312 -0.8846737742424011 
vn -0.37714532017707825 -0.06778222322463989 -0.9236704111099243 
vn 0.00188929692376405 -0.6795597672462463 -0.7336177229881287 
vn 0.5656067728996277 -0.6815688610076904 -0.4642767012119293 
vn 0.9842668771743774 -0.06790154427289963 -0.16312000155448914 
vn 0.954154372215271 -0.25371164083480835 0.15880759060382843 
vn 0.14945253729820251 -0.659631609916687 0.736579954624176 
vn -0.724388062953949 -0.41459527611732483 0.5507928133010864 
vn -0.5207927823066711 -0.616742730140686 0.590256929397583 
vn -0.9349123239517212 -0.30813875794410706 0.1760382205247879 
vn -0.8314001560211182 0.22049063444137573 -0.5100564956665039 
vn -0.5849048495292664 -0.0075622848235070705 -0.8110666871070862 
vn -0.28343555331230164 -0.37015751004219055 -0.8846737742424011 
vn -0.9036341309547424 -0.27534744143486023 -0.3280687630176544 
vn -0.9152257442474365 0.39288678765296936 -0.08945280313491821 
vn -0.5955651998519897 0.8004513382911682 -0.06767380982637405 
vn -0.6636711955070496 0.739714503288269 -0.1111890971660614 
vn -1.003857709306645e-13 0.9707403779029846 -0.2401314377784729 
vn 0.0018881993601098657 0.9917024970054626 -0.12854042649269104 
vn 0.5955651998519897 0.8004513382911682 -0.06767380982637405 
vn 0.6664764285087585 0.7371879816055298 -0.1111890971660614 
vn 0.9167080521583557 0.3894156217575073 -0.08945280313491821 
vn 0.9690679311752319 0.22450165450572968 -0.10250037163496017 
vn 0.9036341309547424 -0.27534744143486023 -0.3280687630176544 
vn 0.8988138437271118 0.06789767742156982 -0.43303996324539185 
vn 0.9907069206237793 0.1280483603477478 0.04586252197623253 
vn 0.9624057412147522 -0.2318294644355774 -0.1415284425020218 
vn 0.9612009525299072 -0.23930834233760834 -0.1372016966342926 
vn 0.9393215775489807 -0.33339923620224 -0.08074574917554855 
vn 0.9393215775489807 -0.33339923620224 -0.08074574917554855 
vn 0.6827170252799988 -0.5268439054489136 -0.5062933564186096 
vn -0.0037783945444971323 -0.7047756314277649 -0.7094202041625977 
vn 0.37714532017707825 -0.06778222322463989 -0.9236704111099243 
vn 0.5649042725563049 0.3777409791946411 -0.7336177229881287 
vn 0.9610110521316528 0.09050089865922928 -0.2612801790237427 
vn 0.9449180960655212 -0.26100456714630127 0.1975002884864807 
vn 0.520423173904419 -0.6335801482200623 0.5724822878837585 
vn 0.6480002999305725 -0.34075191617012024 0.681163489818573 
vn -0.49001625180244446 -0.628280758857727 0.6042742133140564 
vn -0.941575288772583 0.18368546664714813 0.28230419754981995 
vn -0.5132811665534973 0.6929714679718018 -0.5062933564186096 
vn -0.4405927062034607 0.4058644771575928 -0.8007197380065918 
vn -0.2268173098564148 0.7176280617713928 -0.6584556698799133 
vn 0.33490973711013794 0.811010479927063 -0.4796847105026245 
vn 0.8009352684020996 0.59871506690979 -0.006554040592163801 
vn 0.8780790567398071 0.3320806622505188 0.34452807903289795 
vn 0.23561549186706543 -0.9644255638122559 0.11986933648586273 
vn 0.16331756114959717 -0.9600118398666382 0.22738653421401978 
vn -0.13361257314682007 -0.9582390785217285 0.25283506512641907 
vn -0.33280080556869507 -0.911910355091095 0.2401314377784729 
vn -0.9141881465911865 -0.0037740119732916355 0.405272513628006 
vn -0.9141881465911865 -0.0037740119732916355 0.405272513628006 
vn 0.2954454720020294 -0.9434828162193298 0.15017375349998474 
vn 0.8774409294128418 0 0.4796847105026245 
vn 0.8774409294128418 0 0.4796847105026245 
vn 0.05282346159219742 -0.9983147382736206 0.024029340595006943 
vn 0.05282346159219742 -0.9983147382736206 0.024029340595006943 
vn 0.007551383227109909 -0.9999118447303772 0.010923261754214764 
vn 0.007550950627774 -0.999854564666748 0.0152922747656703 
vn 3.0977209187522947e-13 -0.9999403357505798 0.010923261754214764 
vn 3.097011308430403e-13 -0.999711275100708 0.024029340595006943 
vn 3.097011308430403e-13 -0.999711275100708 0.024029340595006943 
vn 0.015097145922482014 -0.9994826912879944 0.028397228568792343 
vn 0.015097145922482014 -0.9994826912879944 0.028397228568792343 
vn -0.01510031707584858 -0.9996926784515381 0.01966099627315998 
vn -0.01510031707584858 -0.9996926784515381 0.01966099627315998 
vn 0.4576418697834015 0.883208692073822 -0.10250037163496017 
vn -0.9658432006835938 -0.13175778090953827 -0.22312943637371063 
vn -0.423910915851593 -0.9051110744476318 0.03276457265019417 
vn -0.8925996422767639 -0.09419555962085724 -0.4409002661705017 
vn -0.6629472970962524 0.6269007921218872 -0.40926313400268555 
vn 0.4084411561489105 0.9108788967132568 0.058952588587999344 
vn -0.3777504861354828 0.5687421560287476 -0.7306414246559143 
vn -0.4835375249385834 -0.15631529688835144 -0.8612531423568726 
vn -0.34217971563339233 -0.9382911324501038 -0.05022686347365379 
vn 0.9236719608306885 -0.06786806881427765 0.37712597846984863 
vn 0.965057373046875 -0.15036629140377045 0.21460255980491638 
vn 0.8451569080352783 0.4016209840774536 0.3527185618877411 
vn 0.5274141430854797 0.4130183160305023 0.7424622178077698 
vn 0.6142924427986145 -0.08261430263519287 0.7847417593002319 
vn -0.1504354178905487 -0.9884243011474609 -0.01966099627315998 
vn 0.06549396365880966 0 -0.9978529810905457 
vn 0.06858720630407333 -0.2499305158853531 0.9658315181732178 
vn -0.0339476615190506 -0.9961564540863037 0.08074574917554855 
vn 0.034793637692928314 0.12148941308259964 0.9919826984405518 
vn 0.220743328332901 0.971983790397644 0.08074574917554855 
vn 0.0979495495557785 0.9944984316825867 0.03713129088282585 
vn 0.03401004150509834 0.5405741333961487 -0.8406086564064026 
vn 0.2827449440956116 0.6455836892127991 -0.7094202041625977 
vn 0.44966641068458557 -0.030182136222720146 -0.8926864862442017 
vn 0.037743259221315384 -0.9990940093994141 0.01966099627315998 
vn -0.28677746653556824 -0.4766278564929962 0.8310141563415527 
vn -0.18152524530887604 -0.018702303990721703 0.983208417892456 
vn -0.30301469564437866 -0.8300753235816956 0.46814218163490295 
vn -0.015095127746462822 -0.9993491172790527 0.03276457265019417 
vn 0.5638795495033264 -0.6465595364570618 -0.5138099193572998 
vn 0.9410961270332336 -0.1727575808763504 -0.29067665338516235 
vn 0.09229162335395813 0.9815547466278076 0.16742929816246033 
vn 0.6103401184082031 0.14206930994987488 0.7792953848838806 
vn -0.22022397816181183 -0.40652215480804443 0.8867024183273315 
vn 0.919263482093811 0.38230282068252563 -0.09380380809307098 
vn 0.916303277015686 0.2754911780357361 -0.29067665338516235 
vn 0.623969554901123 0.7651419043540955 0.15880759060382843 
vn 0.5566729307174683 0.8259015679359436 0.08945280313491821 
vn -1.0102087623451578e-13 0.9747888445854187 0.22312943637371063 
vn 0.0018881993601098657 0.9917024970054626 -0.12854042649269104 
vn 0.5955651998519897 0.8004513382911682 -0.06767380982637405 
vn -0.24350014328956604 0.7958078980445862 0.5544344186782837 
vn -0.0075594643130898476 0.7170366048812866 -0.6969945430755615 
vn -0.5755627155303955 0.45727500319480896 0.677958071231842 
vn -0.5091371536254883 -0.1737397164106369 0.8429672718048096 
vn 0.9907069206237793 0.1280483603477478 0.04586252197623253 
vn -0.0037716731894761324 0.8956131339073181 0.44481781125068665 
vn 0.9690679311752319 0.22450165450572968 -0.10250037163496017 
vn 0.8988138437271118 0.06789767742156982 -0.43303996324539185 
vn -0.3417818248271942 0.6574661135673523 -0.6715083718299866 
vn -0.05447873845696449 -0.0994110256433487 -0.9935539960861206 
vn -0.38060319423675537 0.8350564241409302 0.3972681760787964 
vn -0.38195908069610596 0.8826553225517273 -0.27391019463539124 
vn -0.5091371536254883 -0.1737397164106369 0.8429672718048096 
vn -0.5755627155303955 0.45727500319480896 0.677958071231842 
vn 0.5260968804359436 0.4250553250312805 0.736579954624176 
vn -0.38060319423675537 0.8350564241409302 0.3972681760787964 
vn 0.7234007716178894 0.363931268453598 -0.5867242813110352 
vn -0.38195908069610596 0.8826553225517273 -0.27391019463539124 
vn -0.05447873845696449 -0.0994110256433487 -0.9935539960861206 
vn -0.3417818248271942 0.6574661135673523 -0.6715083718299866 
vn 0.9602805376052856 -0.2683763802051544 -0.0763898640871048 
vn 0.9086827635765076 0.3186763823032379 -0.26970529556274414 
vn 0.7330006957054138 -0.6796348690986633 -0.028397228568792343 
vn -0.001887861406430602 -0.9987360239028931 -0.05022686347365379 
vn -0.6804021000862122 -0.5298302173614502 -0.5062933564186096 
vn -0.9602805376052856 -0.2683763802051544 -0.0763898640871048 
vn -0.9074259400367737 0.32223784923553467 -0.26970529556274414 
vn -0.5762925148010254 0.7520732283592224 -0.3198012113571167 
vn -9.644279867987784e-14 0.9326114058494568 -0.36088213324546814 
vn -9.2006663518409e-14 0.8897135257720947 -0.456519216299057 
vn 0.5762925148010254 0.7520732283592224 -0.3198012113571167 
vn 0.5808138251304626 0.7127454876899719 -0.3932546079158783 
vn 0.9194585680961609 0.2900141775608063 -0.26549527049064636 
vn 0.9449849128723145 -0.2392001748085022 -0.22312943637371063 
vn 0.720743715763092 -0.6726782321929932 -0.16742929816246033 
vn 3.022795230268882e-13 -0.97575443983078 -0.21886809170246124 
vn -0.7330006957054138 -0.6796348690986633 -0.028397228568792343 
vn -0.9459044337272644 -0.23553778231143951 -0.22312943637371063 
vn -0.9194585680961609 0.2900141775608063 -0.26549527049064636 
vn -0.577881932258606 0.7151246666908264 -0.3932546079158783 
vn -0.0037774231750518084 0.9402648210525513 -0.34042292833328247 
vn 0.5298229455947876 0.7767881751060486 -0.34042292833328247 
vn 0.9033371210098267 0.26094889640808105 -0.34042292833328247 
vn 0.9441800713539124 -0.19502891600131989 -0.26549527049064636 
vn 0.6795806884765625 -0.6622159481048584 -0.31565824151039124 
vn -0.0037778534460812807 -0.9211313724517822 -0.3892335295677185 
vn -0.720743715763092 -0.6726782321929932 -0.16742929816246033 
vn -0.9441800713539124 -0.19502891600131989 -0.26549527049064636 
vn -0.9033371210098267 0.26094889640808105 -0.34042292833328247 
vn -0.5298229455947876 0.7767881751060486 -0.34042292833328247 
vn -9.03255538398616e-14 0.8753366470336914 -0.4835140109062195 
vn -0.44514331221580505 0.7307432889938354 -0.5175535082817078 
vn -0.7181134819984436 0.20512963831424713 -0.6650074124336243 
vn -0.0038889264687895775 -0.01703849993646145 -0.9998472929000854 
vn 0.44514331221580505 0.7307432889938354 -0.5175535082817078 
vn 0.7170665860176086 0.20875988900661469 -0.6650074124336243 
vn 0.8750020265579224 -0.23868876695632935 -0.42118772864341736 
vn 0.6427514553070068 -0.6574354767799377 -0.3932546079158783 
vn 0.0037788832560181618 -0.8877022862434387 -0.46040233969688416 
vn -0.6822120547294617 -0.6595048308372498 -0.31565824151039124 
vn -0.8759876489639282 -0.23504577577114105 -0.42118772864341736 
vn -0.6142809391021729 -0.10532904416322708 -0.7820260524749756 
vn -0.0018983004847541451 -0.1824762523174286 -0.983208417892456 
vn 0.6142809391021729 -0.10532904416322708 -0.7820260524749756 
vn 0.44555509090423584 -0.35082584619522095 -0.8236515522003174 
vn -0.003777894424274564 -0.49303221702575684 -0.8700028657913208 
vn -0.44320517778396606 -0.35378989577293396 -0.8236515522003174 
vn -0.6454458832740784 -0.6547904014587402 -0.3932546079158783 
vn -0.05282346159219742 -0.9983147382736206 0.024029340595006943 
vn -0.05282346159219742 -0.9983147382736206 0.024029340595006943 
vn -0.007551383227109909 -0.9999118447303772 0.010923261754214764 
vn -0.007550950627774 -0.999854564666748 0.0152922747656703 
vn 3.0977209187522947e-13 -0.9999403357505798 0.010923261754214764 
vn 3.097011308430403e-13 -0.999711275100708 0.024029340595006943 
vn 3.097011308430403e-13 -0.999711275100708 0.024029340595006943 
vn 0.9141958951950073 0 0.405272513628006 
vn 0.9141958951950073 0 0.405272513628006 
vn -0.015097145922482014 -0.9994826912879944 0.028397228568792343 
vn -0.015097145922482014 -0.9994826912879944 0.028397228568792343 
vn 0.01510031707584858 -0.9996926784515381 0.01966099627315998 
vn 0.01510031707584858 -0.9996926784515381 0.01966099627315998 
vn 0.921139121055603 0 -0.3892335295677185 
vn 0.921139121055603 0 -0.3892335295677185 
vn 0.921139121055603 0 -0.3892335295677185 
vn 0.921139121055603 0 -0.3892335295677185 
vn 0.4467734098434448 0 -0.8946471214294434 
vn 0.4467734098434448 0 -0.8946471214294434 
vn 0.4467734098434448 0 -0.8946471214294434 
vn 0.4467734098434448 0 -0.8946471214294434 
vn -0.6435199975967407 -0.003778880462050438 -0.7654199600219727 
vn -0.6435199975967407 -0.003778880462050438 -0.7654199600219727 
vn -0.6435199975967407 -0.003778880462050438 -0.7654199600219727 
vn -0.6435199975967407 -0.003778880462050438 -0.7654199600219727 
vn 0.06113334000110626 0 -0.9981296062469482 
vn 0.06113334000110626 0 -0.9981296062469482 
vn 0.06113334000110626 0 -0.9981296062469482 
vn 0.06113334000110626 0 -0.9981296062469482 
vn 0.19107110798358917 0 -0.9815762042999268 
vn 0.19107110798358917 0 -0.9815762042999268 
vn 0.19107110798358917 0 -0.9815762042999268 
vn 0.19107110798358917 0 -0.9815762042999268 
vn -0.9207056760787964 0.3788164258003235 -0.09380380809307098 
vn -0.916303277015686 0.2754911780357361 -0.29067665338516235 
vn -0.623969554901123 0.7651419043540955 0.15880759060382843 
vn -0.5535390973091125 0.8280051946640015 0.08945280313491821 
vn -1.0102087623451578e-13 0.9747888445854187 0.22312943637371063 
vn 0.0018881993601098657 0.9917024970054626 -0.12854042649269104 
vn -0.5955651998519897 0.8004513382911682 -0.06767380982637405 
vn 0.239889994263649 0.7969035506248474 0.5544344186782837 
vn 0.0075594643130898476 0.7170366048812866 -0.6969945430755615 
vn 0.573211669921875 0.46021872758865356 0.677958071231842 
vn 0.5103403329849243 -0.17017312347888947 0.8429672718048096 
vn -0.9911839365959167 0.12430208176374435 0.04586252197623253 
vn -0.0037716731894761324 0.8956131339073181 0.44481781125068665 
vn -0.9690679311752319 0.22450165450572968 -0.10250037163496017 
vn -0.8988138437271118 0.06789767742156982 -0.43303996324539185 
vn 0.3417818248271942 0.6574661135673523 -0.6715083718299866 
vn 0.05447873845696449 -0.0994110256433487 -0.9935539960861206 
vn 0.38060319423675537 0.8350564241409302 0.3972681760787964 
vn 0.38195908069610596 0.8826553225517273 -0.27391019463539124 
vn 0.3417818248271942 0.6574661135673523 -0.6715083718299866 
vn 0.05447873845696449 -0.0994110256433487 -0.9935539960861206 
vn 0.38195908069610596 0.8826553225517273 -0.27391019463539124 
vn -0.7234007716178894 0.363931268453598 -0.5867242813110352 
vn 0.38060319423675537 0.8350564241409302 0.3972681760787964 
vn -0.5260968804359436 0.4250553250312805 0.736579954624176 
vn 0.573211669921875 0.46021872758865356 0.677958071231842 
vn 0.5103403329849243 -0.17017312347888947 0.8429672718048096 
vn -0.921139121055603 -1.9051284801032548e-13 -0.3892335295677185 
vn -0.921139121055603 -1.9051284801032548e-13 -0.3892335295677185 
vn -0.921139121055603 -1.9051284801032548e-13 -0.3892335295677185 
vn -0.921139121055603 -1.9051284801032548e-13 -0.3892335295677185 
vn -0.44675737619400024 0.00378318945877254 -0.8946471214294434 
vn -0.44675737619400024 0.00378318945877254 -0.8946471214294434 
vn -0.44675737619400024 0.00378318945877254 -0.8946471214294434 
vn -0.44675737619400024 0.00378318945877254 -0.8946471214294434 
vn 0.6435311436653137 0 -0.7654199600219727 
vn 0.6435311436653137 0 -0.7654199600219727 
vn 0.6435311436653137 0 -0.7654199600219727 
vn 0.6435311436653137 0 -0.7654199600219727 
vn -0.06113334000110626 -1.264378785860703e-14 -0.9981296062469482 
vn -0.06113334000110626 -1.264378785860703e-14 -0.9981296062469482 
vn -0.06113334000110626 -1.264378785860703e-14 -0.9981296062469482 
vn -0.06113334000110626 -1.264378785860703e-14 -0.9981296062469482 
vn -0.19103381037712097 0.003775021992623806 -0.9815762042999268 
vn -0.19103381037712097 0.003775021992623806 -0.9815762042999268 
vn -0.19103381037712097 0.003775021992623806 -0.9815762042999268 
vn -0.19103381037712097 0.003775021992623806 -0.9815762042999268 
vn 0.20247359573841095 0.9743564128875732 -0.0981530249118805 
vn 0.20247359573841095 0.9743564128875732 -0.0981530249118805 
vn 0.20247359573841095 0.9743564128875732 -0.0981530249118805 
vn 0.20247359573841095 0.9743564128875732 -0.0981530249118805 
vn -0.7261508703231812 -1.5018478268739172e-13 -0.6875353455543518 
vn -0.7261508703231812 -1.5018478268739172e-13 -0.6875353455543518 
vn -0.7261508703231812 -1.5018478268739172e-13 -0.6875353455543518 
vn -0.7261508703231812 -1.5018478268739172e-13 -0.6875353455543518 
vn 0.04906744882464409 0.9915763735771179 -0.11986933648586273 
vn 0.04906744882464409 0.9915763735771179 -0.11986933648586273 
vn 0.04906744882464409 0.9915763735771179 -0.11986933648586273 
vn 0.04906744882464409 0.9915763735771179 -0.11986933648586273 
vn 0.9568213224411011 0 -0.29067665338516235 
vn 0.9568213224411011 0 -0.29067665338516235 
vn 0.9568213224411011 0 -0.29067665338516235 
vn 0.9568213224411011 0 -0.29067665338516235 
vn -0.9675019979476929 0.003775792196393013 -0.25283506512641907 
vn -0.9675019979476929 0.003775792196393013 -0.25283506512641907 
vn -0.9675019979476929 0.003775792196393013 -0.25283506512641907 
vn -0.9675019979476929 0.003775792196393013 -0.25283506512641907 
vn -0.05849233642220497 0.9946539998054504 -0.08510008454322815 
vn -0.05849233642220497 0.9946539998054504 -0.08510008454322815 
vn -0.05849233642220497 0.9946539998054504 -0.08510008454322815 
vn -0.05849233642220497 0.9946539998054504 -0.08510008454322815 
vn 0.669887900352478 0 -0.7424622178077698 
vn 0.669887900352478 0 -0.7424622178077698 
vn 0.669887900352478 0 -0.7424622178077698 
vn 0.669887900352478 0 -0.7424622178077698 
vn 0.005665523465722799 0.9942594766616821 -0.10684575140476227 
vn 0.005665523465722799 0.9942594766616821 -0.10684575140476227 
vn 0.005665523465722799 0.9942594766616821 -0.10684575140476227 
vn 0.005665523465722799 0.9942594766616821 -0.10684575140476227 
vn 0.9341793656349182 0 -0.3568037748336792 
vn 0.9341793656349182 0 -0.3568037748336792 
vn 0.9341793656349182 0 -0.3568037748336792 
vn 0.9341793656349182 0 -0.3568037748336792 
vn -0.998940646648407 0.0037765095476061106 0.04586252197623253 
vn -0.998940646648407 0.0037765095476061106 0.04586252197623253 
vn -0.998940646648407 0.0037765095476061106 0.04586252197623253 
vn -0.998940646648407 0.0037765095476061106 0.04586252197623253 
vn 0.7261508703231812 0 -0.6875353455543518 
vn 0.7261508703231812 0 -0.6875353455543518 
vn 0.7261508703231812 0 -0.6875353455543518 
vn 0.7261508703231812 0 -0.6875353455543518 
vn -0.20247359573841095 0.9743564128875732 -0.0981530249118805 
vn -0.20247359573841095 0.9743564128875732 -0.0981530249118805 
vn -0.20247359573841095 0.9743564128875732 -0.0981530249118805 
vn -0.20247359573841095 0.9743564128875732 -0.0981530249118805 
vn 0.967509388923645 0 -0.25283506512641907 
vn 0.967509388923645 0 -0.25283506512641907 
vn 0.967509388923645 0 -0.25283506512641907 
vn 0.967509388923645 0 -0.25283506512641907 
vn -0.9568213224411011 -1.978927682529455e-13 -0.29067665338516235 
vn -0.9568213224411011 -1.978927682529455e-13 -0.29067665338516235 
vn -0.9568213224411011 -1.978927682529455e-13 -0.29067665338516235 
vn -0.9568213224411011 -1.978927682529455e-13 -0.29067665338516235 
vn -0.04906744882464409 0.9915763735771179 -0.11986933648586273 
vn -0.04906744882464409 0.9915763735771179 -0.11986933648586273 
vn -0.04906744882464409 0.9915763735771179 -0.11986933648586273 
vn -0.04906744882464409 0.9915763735771179 -0.11986933648586273 
vn -0.6698772311210632 -0.0037782832514494658 -0.7424622178077698 
vn -0.6698772311210632 -0.0037782832514494658 -0.7424622178077698 
vn -0.6698772311210632 -0.0037782832514494658 -0.7424622178077698 
vn -0.6698772311210632 -0.0037782832514494658 -0.7424622178077698 
vn 0.06226126477122307 0.9944252371788025 -0.08510008454322815 
vn 0.06226126477122307 0.9944252371788025 -0.08510008454322815 
vn 0.06226126477122307 0.9944252371788025 -0.08510008454322815 
vn 0.06226126477122307 0.9944252371788025 -0.08510008454322815 
vn 0.9989477396011353 0 0.04586252197623253 
vn 0.9989477396011353 0 0.04586252197623253 
vn 0.9989477396011353 0 0.04586252197623253 
vn 0.9989477396011353 0 0.04586252197623253 
vn -0.934171736240387 -0.0037770953495055437 -0.3568037748336792 
vn -0.934171736240387 -0.0037770953495055437 -0.3568037748336792 
vn -0.934171736240387 -0.0037770953495055437 -0.3568037748336792 
vn -0.934171736240387 -0.0037770953495055437 -0.3568037748336792 
vn -0.009442448616027832 0.9942307472229004 -0.10684575140476227 
vn -0.009442448616027832 0.9942307472229004 -0.10684575140476227 
vn -0.009442448616027832 0.9942307472229004 -0.10684575140476227 
vn -0.009442448616027832 0.9942307472229004 -0.10684575140476227 
vn 0.19107110798358917 0 -0.9815762042999268 
vn 0.19107110798358917 0 -0.9815762042999268 
vn 0.19107110798358917 0 -0.9815762042999268 
vn 0.19107110798358917 0 -0.9815762042999268 
vn 0.19107110798358917 0 -0.9815762042999268 
vn 0.19107110798358917 0 -0.9815762042999268 
vn 0.19107110798358917 0 -0.9815762042999268 
vn 0.19107110798358917 0 -0.9815762042999268 
vn -0.19103381037712097 0.003775021992623806 -0.9815762042999268 
vn -0.19103381037712097 0.003775021992623806 -0.9815762042999268 
vn -0.19103381037712097 0.003775021992623806 -0.9815762042999268 
vn -0.19103381037712097 0.003775021992623806 -0.9815762042999268 
vn -0.19103381037712097 -0.003775021992623806 -0.9815762042999268 
vn -0.19103381037712097 -0.003775021992623806 -0.9815762042999268 
vn -0.19103381037712097 -0.003775021992623806 -0.9815762042999268 
vn -0.19103381037712097 -0.003775021992623806 -0.9815762042999268 
vn 0.9920938611030579 -0.11300315707921982 0.05459024757146835 
vn 0.9920938611030579 -0.11300315707921982 0.05459024757146835 
vn 0.9920938611030579 -0.11300315707921982 0.05459024757146835 
vn 0.9920938611030579 -0.11300315707921982 0.05459024757146835 
vn 0.9757948517799377 -0.1503482609987259 -0.15880759060382843 
vn 0.9757948517799377 -0.1503482609987259 -0.15880759060382843 
vn 0.9757948517799377 -0.1503482609987259 -0.15880759060382843 
vn 0.9757948517799377 -0.1503482609987259 -0.15880759060382843 
vn -0.9849814772605896 0.05659829452633858 -0.16312000155448914 
vn -0.9849814772605896 0.05659829452633858 -0.16312000155448914 
vn -0.9849814772605896 0.05659829452633858 -0.16312000155448914 
vn -0.9849814772605896 0.05659829452633858 -0.16312000155448914 
vn -0.9774318337440491 0.1167798563838005 -0.1760382205247879 
vn -0.9774318337440491 0.1167798563838005 -0.1760382205247879 
vn -0.9774318337440491 0.1167798563838005 -0.1760382205247879 
vn -0.9774318337440491 0.1167798563838005 -0.1760382205247879 
vn 0.9971106052398682 -0.05282336100935936 0.05459024757146835 
vn 0.9971106052398682 -0.05282336100935936 0.05459024757146835 
vn 0.9971106052398682 -0.05282336100935936 0.05459024757146835 
vn 0.9971106052398682 -0.05282336100935936 0.05459024757146835 
vn -0.978756844997406 0.19877712428569794 0.05022686347365379 
vn -0.978756844997406 0.19877712428569794 0.05022686347365379 
vn -0.978756844997406 0.19877712428569794 0.05022686347365379 
vn -0.978756844997406 0.19877712428569794 0.05022686347365379 
vn 0.9683628082275391 -0.2024858593940735 -0.1458524912595749 
vn 0.9683628082275391 -0.2024858593940735 -0.1458524912595749 
vn 0.9683628082275391 -0.2024858593940735 -0.1458524912595749 
vn 0.9683628082275391 -0.2024858593940735 -0.1458524912595749 
vn -0.9879336357116699 0.15036074817180634 0.03713129088282585 
vn -0.9879336357116699 0.15036074817180634 0.03713129088282585 
vn -0.9879336357116699 0.15036074817180634 0.03713129088282585 
vn -0.9879336357116699 0.15036074817180634 0.03713129088282585 
vn -0.8671360015869141 0.3004215955734253 -0.3972681760787964 
vt 0.05147585645318031 0.6992518305778503 
vt 0.11177513748407364 0.7528720498085022 
vt 0.1224975734949112 0.7727347016334534 
vt 0.2184230089187622 0.8326788544654846 
vt 0.2059711515903473 0.8082736730575562 
vt 0.19847698509693146 0.6864257454872131 
vt 0.10554920881986618 0.6573889255523682 
vt 0.2140417993068695 0.5366098284721375 
vt 0.11408104002475739 0.5466747879981995 
vt 0.12376581877470016 0.5785618424415588 
vt 0.04974643141031265 0.6264815926551819 
vt 0.0520523302257061 0.6734215021133423 
vt 0.03948517516255379 0.6734215021133423 
vt 0.04974643141031265 0.6264815926551819 
vt 0.04974643141031265 0.6264815926551819 
vt 0.0520523302257061 0.6734215021133423 
vt 0.11408104002475739 0.5466747879981995 
vt 0.10554920881986618 0.6573889255523682 
vt 0.2140417993068695 0.5366098284721375 
vt 0.12376581877470016 0.5785618424415588 
vt 0.038908701390028 0.7167986631393433 
vt 0.05147585645318031 0.6992518305778503 
vt 0.044904038310050964 0.7527830004692078 
vt 0.044904038310050964 0.7325640916824341 
vt 0.1091233566403389 0.8381121158599854 
vt 0.2184230089187622 0.9004611968994141 
vt 0.3281838595867157 0.872404158115387 
vt 0.31630846858024597 0.8423874974250793 
vt 0.30846840143203735 0.7162642478942871 
vt 0.3851395845413208 0.5701001882553101 
vt 0.22626307606697083 0.5731285810470581 
vt 0.12376581877470016 0.5358973145484924 
vt 0.22626307606697083 0.5304639935493469 
vt 0.22626307606697083 0.5731285810470581 
vt 0.3851395845413208 0.5701001882553101 
vt 0.19847698509693146 0.6864257454872131 
vt 0.11177513748407364 0.7528720498085022 
vt 0.1224975734949112 0.7727347016334534 
vt 0.044904038310050964 0.7325640916824341 
vt 0.1091233566403389 0.8381121158599854 
vt 0.2184230089187622 0.8326788544654846 
vt 0.2059711515903473 0.8082736730575562 
vt 0.30846840143203735 0.7162642478942871 
vt 0.41788336634635925 0.6002949476242065 
vt 0.3851395845413208 0.5390147566795349 
vt 0.3939020037651062 0.5491687655448914 
vt 0.3979373276233673 0.6122303605079651 
vt 0.3281838595867157 0.5695657730102539 
vt 0.3979373276233673 0.6122303605079651 
vt 0.46215665340423584 0.631736695766449 
vt 0.420419842004776 0.5562052726745605 
vt 0.3939020037651062 0.5491687655448914 
vt 0.42653048038482666 0.587914228439331 
vt 0.46215665340423584 0.631736695766449 
vt 0.420419842004776 0.5562052726745605 
vt 0.4192669093608856 0.5353628993034363 
vt 0.39632320404052734 0.5323345065116882 
vt 0.3849090039730072 0.5233384370803833 
vt 0.40058910846710205 0.5484561920166016 
vt 0.3986290991306305 0.5306421518325806 
vt 0.4765685200691223 0.5237837433815002 
vt 0.4733402729034424 0.5220023393630981 
vt 0.4765685200691223 0.5237837433815002 
vt 0.4733402729034424 0.5220023393630981 
vt 0.4733402729034424 0.5118483901023865 
vt 0.4733402729034424 0.5220023393630981 
vt 0.4733402729034424 0.5118483901023865 
vt 0.4069303274154663 0.5071276426315308 
vt 0.4762226343154907 0.5118483901023865 
vt 0.47898972034454346 0.5118483901023865 
vt 0.4762226343154907 0.5118483901023865 
vt 0.47898972034454346 0.5118483901023865 
vt 0.4733402729034424 0.5118483901023865 
vt 0.4762226343154907 0.5118483901023865 
vt 0.4811803102493286 0.5118483901023865 
vt 0.47898972034454346 0.5118483901023865 
vt 0.4811803102493286 0.5118483901023865 
vt 0.4147703945636749 0.5071276426315308 
vt 0.4811803102493286 0.5262777209281921 
vt 0.4811803102493286 0.5118483901023865 
vt 0.4811803102493286 0.5262777209281921 
vt 0.39551612734794617 0.5099778771400452 
vt 0.47945088148117065 0.5253870487213135 
vt 0.47945088148117065 0.5253870487213135 
vt 0.4811803102493286 0.5262777209281921 
vt 0.47945088148117065 0.5253870487213135 
vt 0.4765685200691223 0.5237837433815002 
vt 0.38698431849479675 0.5098888278007507 
vt 0.47553086280822754 0.5232493281364441 
vt 0.4733402729034424 0.5220023393630981 
vt 0.47553086280822754 0.5232493281364441 
vt 0.4733402729034424 0.5220023393630981 
vt 0.3986290991306305 0.5306421518325806 
vt 0.4192669093608856 0.5353628993034363 
vt 0.4780673682689667 0.5245853662490845 
vt 0.4811803102493286 0.5262777209281921 
vt 0.4780673682689667 0.5245853662490845 
vt 0.4811803102493286 0.5262777209281921 
vt 0.47553086280822754 0.5232493281364441 
vt 0.4780673682689667 0.5245853662490845 
vt 0.4811803102493286 0.5118483901023865 
vt 0.4811803102493286 0.5262777209281921 
vt 0.4811803102493286 0.5118483901023865 
vt 0.4147703945636749 0.5071276426315308 
vt 0.47841325402259827 0.5118483901023865 
vt 0.4811803102493286 0.5118483901023865 
vt 0.47841325402259827 0.5118483901023865 
vt 0.4069303274154663 0.5071276426315308 
vt 0.47564616799354553 0.5118483901023865 
vt 0.4733402729034424 0.5118483901023865 
vt 0.47564616799354553 0.5118483901023865 
vt 0.4733402729034424 0.5118483901023865 
vt 0.47841325402259827 0.5118483901023865 
vt 0.47564616799354553 0.5118483901023865 
vt 0.4733402729034424 0.5220023393630981 
vt 0.4733402729034424 0.5118483901023865 
vt 0.38698431849479675 0.5098888278007507 
vt 0.39551612734794617 0.5099778771400452 
vt 0.3849090039730072 0.5233384370803833 
vt 0.39632320404052734 0.5323345065116882 
vt 0.40058910846710205 0.5484561920166016 
vt 0.3851395845413208 0.5390147566795349 
vt 0.41788336634635925 0.6002949476242065 
vt 0.4236481189727783 0.6995190382003784 
vt 0.3981679081916809 0.8015934228897095 
vt 0.40969741344451904 0.8360635042190552 
vt 0.4548930525779724 0.7361268997192383 
vt 0.3227649927139282 0.933060884475708 
vt 0.2184230089187622 0.9205910563468933 
vt 0.1091233566403389 0.858331024646759 
vt 0.2184230089187622 0.9004611968994141 
vt 0.3281838595867157 0.872404158115387 
vt 0.3227649927139282 0.933060884475708 
vt 0.3227649927139282 0.9532797932624817 
vt 0.4506271481513977 0.9221943020820618 
vt 0.5439007878303528 0.896720290184021 
vt 0.5481666922569275 0.8523633480072021 
vt 0.6050071716308594 0.862339198589325 
vt 0.5481666922569275 0.735770583152771 
vt 0.6050071716308594 0.7586616277694702 
vt 0.6664593815803528 0.9286964535713196 
vt 0.6080048084259033 0.9002830982208252 
vt 0.674299418926239 0.8765904307365417 
vt 0.6080048084259033 0.9205020070075989 
vt 0.5439007878303528 0.9168500900268555 
vt 0.4506271481513977 0.942324161529541 
vt 0.4506271481513977 0.9221943020820618 
vt 0.6686499714851379 0.9529234766960144 
vt 0.6080048084259033 0.9002830982208252 
vt 0.5439007878303528 0.896720290184021 
vt 0.6050071716308594 0.862339198589325 
vt 0.674299418926239 0.8765904307365417 
vt 0.665421724319458 0.7852045297622681 
vt 0.7099255919456482 0.872671365737915 
vt 0.6664593815803528 0.9286964535713196 
vt 0.7510859370231628 0.89894700050354 
vt 0.7615777850151062 0.8891493082046509 
vt 0.7024314403533936 0.8082736730575562 
vt 0.659541666507721 0.6343197226524353 
vt 0.6257602572441101 0.6213155388832092 
vt 0.6050071716308594 0.7586616277694702 
vt 0.5481666922569275 0.735770583152771 
vt 0.5481666922569275 0.8523633480072021 
vt 0.40969741344451904 0.8360635042190552 
vt 0.31630846858024597 0.8423874974250793 
vt 0.4236481189727783 0.6995190382003784 
vt 0.4548930525779724 0.7361268997192383 
vt 0.7196103930473328 0.8931574821472168 
vt 0.7578883171081543 0.9426804184913635 
vt 0.6987419724464417 0.9409881234169006 
vt 0.7435917258262634 0.9825838208198547 
vt 0.7124620676040649 0.9804461598396301 
vt 0.5409031510353088 0.6623768210411072 
vt 0.5409031510353088 0.619712233543396 
vt 0.5409031510353088 0.6623768210411072 
vt 0.5956682562828064 0.6035905480384827 
vt 0.5943999886512756 0.6075987219810486 
vt 0.6257602572441101 0.6213155388832092 
vt 0.665421724319458 0.7852045297622681 
vt 0.659541666507721 0.6343197226524353 
vt 0.7024314403533936 0.8082736730575562 
vt 0.7099255919456482 0.872671365737915 
vt 0.6926313638687134 0.5266339778900146 
vt 0.6763747334480286 0.519508421421051 
vt 0.6770665049552917 0.5173707008361816 
vt 0.6944760680198669 0.5207553505897522 
vt 0.629219114780426 0.6100926995277405 
vt 0.6050071716308594 0.6818831562995911 
vt 0.6050071716308594 0.6392186284065247 
vt 0.665421724319458 0.6656724214553833 
vt 0.6050071716308594 0.6818831562995911 
vt 0.665421724319458 0.7084260582923889 
vt 0.6631158590316772 0.6231859922409058 
vt 0.7120009064674377 0.5275247097015381 
vt 0.762154221534729 0.5096216201782227 
vt 0.7317163348197937 0.5096216201782227 
vt 0.7015090584754944 0.5096216201782227 
vt 0.700356125831604 0.5096216201782227 
vt 0.762154221534729 0.49964576959609985 
vt 0.762154221534729 0.5096216201782227 
vt 0.762154221534729 0.49964576959609985 
vt 0.7317163348197937 0.49964576959609985 
vt 0.7015090584754944 0.49964576959609985 
vt 0.700356125831604 0.49964576959609985 
vt 0.7284880876541138 0.5096216201782227 
vt 0.7284880876541138 0.49964576959609985 
vt 0.7102714776992798 0.5334033370018005 
vt 0.7589259743690491 0.5096216201782227 
vt 0.7138456106185913 0.5352737903594971 
vt 0.7852132320404053 0.5096216201782227 
vt 0.7266433835029602 0.533759593963623 
vt 0.7872885465621948 0.5096216201782227 
vt 0.6772971153259277 0.6380606889724731 
vt 0.7106173634529114 0.7405803799629211 
vt 0.6911324858665466 0.6351214051246643 
vt 0.7106173634529114 0.69791579246521 
vt 0.665421724319458 0.7084260582923889 
vt 0.6631158590316772 0.6231859922409058 
vt 0.629219114780426 0.6100926995277405 
vt 0.5956682562828064 0.6035905480384827 
vt 0.5943999886512756 0.6075987219810486 
vt 0.6763747334480286 0.519508421421051 
vt 0.6926313638687134 0.5266339778900146 
vt 0.7102714776992798 0.5334033370018005 
vt 0.6772971153259277 0.6380606889724731 
vt 0.7106173634529114 0.7405803799629211 
vt 0.7656130790710449 0.8536103367805481 
vt 0.8088487386703491 0.9078540205955505 
vt 0.7675731182098389 0.9510530233383179 
vt 0.8180723190307617 0.9490044116973877 
vt 0.8165735006332397 0.9578223824501038 
vt 0.763883650302887 0.9675310254096985 
vt 0.7675731182098389 0.9510530233383179 
vt 0.8180723190307617 0.9490044116973877 
vt 0.8088487386703491 0.9078540205955505 
vt 0.7615777850151062 0.8891493082046509 
vt 0.7656130790710449 0.8536103367805481 
vt 0.7510859370231628 0.89894700050354 
vt 0.7196103930473328 0.8931574821472168 
vt 0.7578883171081543 0.9426804184913635 
vt 0.6987419724464417 0.9409881234169006 
vt 0.7435917258262634 0.9825838208198547 
vt 0.7124620676040649 0.9804461598396301 
vt 0.7701095938682556 0.8284925818443298 
vt 0.7701095938682556 0.786896824836731 
vt 0.6911324858665466 0.6351214051246643 
vt 0.7266433835029602 0.533759593963623 
vt 0.7120009064674377 0.5275247097015381 
vt 0.6944760680198669 0.5207553505897522 
vt 0.6770665049552917 0.5173707008361816 
vt 0.7015090584754944 0.5096216201782227 
vt 0.700356125831604 0.5096216201782227 
vt 0.7284880876541138 0.5096216201782227 
vt 0.7589259743690491 0.5096216201782227 
vt 0.7138456106185913 0.5352737903594971 
vt 0.7852132320404053 0.5096216201782227 
vt 0.7872885465621948 0.5096216201782227 
vt 0.762154221534729 0.5096216201782227 
vt 0.7317163348197937 0.5096216201782227 
vt 0.7317163348197937 0.49964576959609985 
vt 0.7015090584754944 0.49964576959609985 
vt 0.700356125831604 0.49964576959609985 
vt 0.7284880876541138 0.49964576959609985 
vt 0.7284880876541138 0.5096216201782227 
vt 0.7284880876541138 0.49964576959609985 
vt 0.762154221534729 0.49964576959609985 
vt 0.762154221534729 0.49964576959609985 
vt 0.762154221534729 0.5096216201782227 
vt 0.7589259743690491 0.49964576959609985 
vt 0.7284880876541138 0.49964576959609985 
vt 0.7589259743690491 0.49964576959609985 
vt 0.7852132320404053 0.49964576959609985 
vt 0.7872885465621948 0.49964576959609985 
vt 0.7852132320404053 0.49964576959609985 
vt 0.7872885465621948 0.49964576959609985 
vt 0.7589259743690491 0.49964576959609985 
vt 0.7852132320404053 0.49964576959609985 
vt 0.7872885465621948 0.49964576959609985 
vt 0.762154221534729 0.49964576959609985 
vt 0.05020761117339134 0.27394211292266846 
vt 0.05020761117339134 0.2705574631690979 
vt 0.05020761117339134 0.2585330009460449 
vt 0.36600062251091003 0.2706465423107147 
vt 0.36600062251091003 0.2897965908050537 
vt 0.36600062251091003 0.29522988200187683 
vt 0.500549852848053 0.2996833920478821 
vt 0.500549852848053 0.27287328243255615 
vt 0.36600062251091003 0.25862208008766174 
vt 0.36600062251091003 0.2706465423107147 
vt 0.05020761117339134 0.2705574631690979 
vt 0.36600062251091003 0.2897965908050537 
vt 0.500549852848053 0.2996833920478821 
vt 0.500549852848053 0.27287328243255615 
vt 0.500549852848053 0.2608488202095032 
vt 0.6342920660972595 0.27510005235671997 
vt 0.6342920660972595 0.27510005235671997 
vt 0.6342920660972595 0.2630755603313446 
vt 0.6342920660972595 0.30957016348838806 
vt 0.500549852848053 0.3051166534423828 
vt 0.6342920660972595 0.31491437554359436 
vt 0.6342920660972595 0.30957016348838806 
vt 0.7757590413093567 0.3445747196674347 
vt 0.8086181282997131 0.29710036516189575 
vt 0.8086181282997131 0.2850759029388428 
vt 0.8086181282997131 0.29710036516189575 
vt 0.7757590413093567 0.3445747196674347 
vt 0.9666875600814819 0.3171411156654358 
vt 0.9666875600814819 0.3050276041030884 
vt 0.9666875600814819 0.3171411156654358 
vt 0.9039670825004578 0.376372754573822 
vt 0.7757590413093567 0.3500079810619354 
vt 0.9039670825004578 0.38180601596832275 
vt 0.9039670825004578 0.376372754573822 
vt 0.5799881219863892 0.8604687452316284 
vt 0.6086965799331665 0.8622501492500305 
vt 0.594515323638916 0.9105261564254761 
vt 0.6259908676147461 0.921481728553772 
vt 0.6190731525421143 0.9385831952095032 
vt 0.6421321630477905 0.9518546462059021 
vt 0.6478968858718872 0.9400083422660828 
vt 0.6310638189315796 0.9156922101974487 
vt 0.6528545618057251 0.9320811033248901 
vt 0.6429392099380493 0.900193989276886 
vt 0.6364826560020447 0.8907525539398193 
vt 0.6174589991569519 0.8744527697563171 
vt 0.5915176272392273 0.9312794804573059 
vt 0.6904407739639282 0.9544376730918884 
vt 0.6862901449203491 0.9466885924339294 
vt 0.6625393629074097 0.9190768599510193 
vt 0.6725700497627258 0.9265587329864502 
vt 0.6537769436836243 0.8940481543540955 
vt 0.6646146774291992 0.9049147367477417 
vt 0.6987419724464417 0.9409881234169006 
vt 0.7024314403533936 0.9561300277709961 
vt 0.7124620676040649 0.9804461598396301 
vt 0.7116550207138062 0.9881061911582947 
vt 0.7435917258262634 0.9825838208198547 
vt 0.742669403553009 0.9878389835357666 
vt 0.7578883171081543 0.9426804184913635 
vt 0.7615777850151062 0.9559518694877625 
vt 0.8154205083847046 0.8531649708747864 
vt 0.8807927966117859 0.8997486233711243 
vt 0.8217617273330688 0.8293832540512085 
vt 0.8217617273330688 0.7877875566482544 
vt 0.7701095938682556 0.8284925818443298 
vt 0.8154205083847046 0.8531649708747864 
vt 0.8807927966117859 0.8997486233711243 
vt 0.8803316354751587 0.9318138957023621 
vt 0.8848280906677246 0.9363564848899841 
vt 0.928755521774292 0.9118621945381165 
vt 0.8803316354751587 0.9318138957023621 
vt 0.9236825108528137 0.9048256278038025 
vt 0.9231060743331909 0.886210024356842 
vt 0.8860963582992554 0.848800539970398 
vt 0.8784868717193604 0.8242172002792358 
vt 0.8839057683944702 0.7930426597595215 
vt 0.8217617273330688 0.8293832540512085 
vt 0.8860963582992554 0.848800539970398 
vt 0.9231060743331909 0.886210024356842 
vt 0.9236825108528137 0.9048256278038025 
vt 0.956080436706543 0.9014409780502319 
vt 0.9506615400314331 0.8955623507499695 
vt 0.9502003788948059 0.8812220692634583 
vt 0.9178025126457214 0.8605577945709229 
vt 0.9070800542831421 0.8343712091445923 
vt 0.9073106646537781 0.8165571689605713 
vt 0.8784868717193604 0.8242172002792358 
vt 0.9178025126457214 0.8605577945709229 
vt 0.9502003788948059 0.8812220692634583 
vt 0.9506615400314331 0.8955623507499695 
vt 0.9793699979782104 0.8930683732032776 
vt 0.9691087603569031 0.8888821005821228 
vt 0.9761417508125305 0.8856755495071411 
vt 0.9832900166511536 0.8861209154129028 
vt 0.9691087603569031 0.8888821005821228 
vt 0.9761417508125305 0.8856755495071411 
vt 0.9446662068367004 0.8634080290794373 
vt 0.9422450065612793 0.8395372629165649 
vt 0.9493933320045471 0.8274237513542175 
vt 0.9070800542831421 0.8343712091445923 
vt 0.9446662068367004 0.8634080290794373 
vt 0.9739511609077454 0.8756106495857239 
vt 0.9815606474876404 0.8751652836799622 
vt 0.9739511609077454 0.8756106495857239 
vt 0.9684169888496399 0.863853394985199 
vt 0.9709534645080566 0.8570840954780579 
vt 0.9684169888496399 0.863853394985199 
vt 0.9422450065612793 0.8395372629165649 
vt 0.7284880876541138 0.49964576959609985 
vt 0.7589259743690491 0.49964576959609985 
vt 0.7589259743690491 0.49964576959609985 
vt 0.7852132320404053 0.49964576959609985 
vt 0.7872885465621948 0.49964576959609985 
vt 0.7872885465621948 0.49964576959609985 
vt 0.7852132320404053 0.49964576959609985 
vt 0.7284880876541138 0.49964576959609985 
vt 0.7284880876541138 0.5096216201782227 
vt 0.7589259743690491 0.49964576959609985 
vt 0.7852132320404053 0.49964576959609985 
vt 0.762154221534729 0.49964576959609985 
vt 0.7872885465621948 0.49964576959609985 
vt 0.7284880876541138 0.5096216201782227 
vt 0.7589259743690491 0.5096216201782227 
vt 0.7284880876541138 0.49964576959609985 
vt 0.7589259743690491 0.49964576959609985 
vt 0.7589259743690491 0.5096216201782227 
vt 0.7852132320404053 0.5096216201782227 
vt 0.7589259743690491 0.49964576959609985 
vt 0.7852132320404053 0.49964576959609985 
vt 0.7872885465621948 0.5096216201782227 
vt 0.762154221534729 0.5096216201782227 
vt 0.7872885465621948 0.49964576959609985 
vt 0.762154221534729 0.49964576959609985 
vt 0.7852132320404053 0.5096216201782227 
vt 0.7872885465621948 0.5096216201782227 
vt 0.7852132320404053 0.49964576959609985 
vt 0.7872885465621948 0.49964576959609985 
vt 0.4780673682689667 0.5245853662490845 
vt 0.4811803102493286 0.5262777209281921 
vt 0.47841325402259827 0.5118483901023865 
vt 0.4811803102493286 0.5118483901023865 
vt 0.5799881219863892 0.8604687452316284 
vt 0.6086965799331665 0.8622501492500305 
vt 0.594515323638916 0.9105261564254761 
vt 0.6259908676147461 0.921481728553772 
vt 0.6190731525421143 0.9385831952095032 
vt 0.6421321630477905 0.9518546462059021 
vt 0.6478968858718872 0.9400083422660828 
vt 0.6310638189315796 0.9156922101974487 
vt 0.6528545618057251 0.9320811033248901 
vt 0.6429392099380493 0.900193989276886 
vt 0.6364826560020447 0.8907525539398193 
vt 0.6174589991569519 0.8744527697563171 
vt 0.5915176272392273 0.9312794804573059 
vt 0.6904407739639282 0.9544376730918884 
vt 0.6862901449203491 0.9466885924339294 
vt 0.6625393629074097 0.9190768599510193 
vt 0.6725700497627258 0.9265587329864502 
vt 0.6537769436836243 0.8940481543540955 
vt 0.6646146774291992 0.9049147367477417 
vt 0.7615777850151062 0.9559518694877625 
vt 0.7578883171081543 0.9426804184913635 
vt 0.742669403553009 0.9878389835357666 
vt 0.7435917258262634 0.9825838208198547 
vt 0.7116550207138062 0.9881061911582947 
vt 0.7124620676040649 0.9804461598396301 
vt 0.7024314403533936 0.9561300277709961 
vt 0.6987419724464417 0.9409881234169006 
vt 0.7589259743690491 0.49964576959609985 
vt 0.7284880876541138 0.49964576959609985 
vt 0.7589259743690491 0.5096216201782227 
vt 0.7284880876541138 0.5096216201782227 
vt 0.7852132320404053 0.49964576959609985 
vt 0.7589259743690491 0.49964576959609985 
vt 0.7852132320404053 0.5096216201782227 
vt 0.7589259743690491 0.5096216201782227 
vt 0.762154221534729 0.49964576959609985 
vt 0.7872885465621948 0.49964576959609985 
vt 0.762154221534729 0.5096216201782227 
vt 0.7872885465621948 0.5096216201782227 
vt 0.7872885465621948 0.49964576959609985 
vt 0.7852132320404053 0.49964576959609985 
vt 0.7872885465621948 0.5096216201782227 
vt 0.7852132320404053 0.5096216201782227 
vt 0.4762226343154907 0.5118483901023865 
vt 0.4733402729034424 0.5118483901023865 
vt 0.4765685200691223 0.5237837433815002 
vt 0.4733402729034424 0.5220023393630981 
vt 0.7284880876541138 0.5096216201782227 
vt 0.7284880876541138 0.5096216201782227 
vt 0.7589259743690491 0.5096216201782227 
vt 0.7589259743690491 0.5096216201782227 
vt 0.7589259743690491 0.5096216201782227 
vt 0.7589259743690491 0.5096216201782227 
vt 0.7589259743690491 0.49964576959609985 
vt 0.7589259743690491 0.49964576959609985 
vt 0.7589259743690491 0.5096216201782227 
vt 0.7589259743690491 0.5096216201782227 
vt 0.7852132320404053 0.5096216201782227 
vt 0.7852132320404053 0.5096216201782227 
vt 0.7589259743690491 0.49964576959609985 
vt 0.7589259743690491 0.49964576959609985 
vt 0.7589259743690491 0.5096216201782227 
vt 0.7589259743690491 0.5096216201782227 
vt 0.7852132320404053 0.5096216201782227 
vt 0.7852132320404053 0.5096216201782227 
vt 0.7852132320404053 0.49964576959609985 
vt 0.7852132320404053 0.49964576959609985 
vt 0.7872885465621948 0.5096216201782227 
vt 0.7872885465621948 0.5096216201782227 
vt 0.762154221534729 0.5096216201782227 
vt 0.762154221534729 0.5096216201782227 
vt 0.7872885465621948 0.49964576959609985 
vt 0.7872885465621948 0.49964576959609985 
vt 0.7872885465621948 0.5096216201782227 
vt 0.7872885465621948 0.5096216201782227 
vt 0.7852132320404053 0.5096216201782227 
vt 0.7852132320404053 0.5096216201782227 
vt 0.7872885465621948 0.5096216201782227 
vt 0.7872885465621948 0.5096216201782227 
vt 0.7852132320404053 0.49964576959609985 
vt 0.7852132320404053 0.49964576959609985 
vt 0.7852132320404053 0.5096216201782227 
vt 0.7852132320404053 0.5096216201782227 
vt 0.7872885465621948 0.5096216201782227 
vt 0.7872885465621948 0.5096216201782227 
vt 0.7872885465621948 0.49964576959609985 
vt 0.7872885465621948 0.49964576959609985 
vt 0.7589259743690491 0.49964576959609985 
vt 0.7589259743690491 0.49964576959609985 
vt 0.7589259743690491 0.5096216201782227 
vt 0.7589259743690491 0.5096216201782227 
vt 0.7589259743690491 0.5096216201782227 
vt 0.7589259743690491 0.5096216201782227 
vt 0.7284880876541138 0.5096216201782227 
vt 0.7284880876541138 0.5096216201782227 
vt 0.7852132320404053 0.49964576959609985 
vt 0.7852132320404053 0.49964576959609985 
vt 0.7852132320404053 0.5096216201782227 
vt 0.7852132320404053 0.5096216201782227 
vt 0.7589259743690491 0.5096216201782227 
vt 0.7589259743690491 0.5096216201782227 
vt 0.7589259743690491 0.49964576959609985 
vt 0.7589259743690491 0.49964576959609985 
vt 0.7852132320404053 0.5096216201782227 
vt 0.7852132320404053 0.5096216201782227 
vt 0.7589259743690491 0.5096216201782227 
vt 0.7589259743690491 0.5096216201782227 
vt 0.7872885465621948 0.5096216201782227 
vt 0.7872885465621948 0.5096216201782227 
vt 0.7872885465621948 0.49964576959609985 
vt 0.7872885465621948 0.49964576959609985 
vt 0.762154221534729 0.5096216201782227 
vt 0.762154221534729 0.5096216201782227 
vt 0.7872885465621948 0.5096216201782227 
vt 0.7872885465621948 0.5096216201782227 
vt 0.7872885465621948 0.49964576959609985 
vt 0.7872885465621948 0.49964576959609985 
vt 0.7872885465621948 0.5096216201782227 
vt 0.7872885465621948 0.5096216201782227 
vt 0.7852132320404053 0.5096216201782227 
vt 0.7852132320404053 0.5096216201782227 
vt 0.7852132320404053 0.49964576959609985 
vt 0.7852132320404053 0.49964576959609985 
vt 0.7872885465621948 0.5096216201782227 
vt 0.7872885465621948 0.5096216201782227 
vt 0.7852132320404053 0.5096216201782227 
vt 0.7852132320404053 0.5096216201782227 
vt 0.47553086280822754 0.5232493281364441 
vt 0.4733402729034424 0.5220023393630981 
vt 0.47564616799354553 0.5118483901023865 
vt 0.4733402729034424 0.5118483901023865 
vt 0.4780673682689667 0.5245853662490845 
vt 0.47553086280822754 0.5232493281364441 
vt 0.47841325402259827 0.5118483901023865 
vt 0.47564616799354553 0.5118483901023865 
vt 0.4811803102493286 0.5118483901023865 
vt 0.47898972034454346 0.5118483901023865 
vt 0.4811803102493286 0.5262777209281921 
vt 0.47945088148117065 0.5253870487213135 
vt 0.47898972034454346 0.5118483901023865 
vt 0.4762226343154907 0.5118483901023865 
vt 0.47945088148117065 0.5253870487213135 
vt 0.4765685200691223 0.5237837433815002 
vt 0.47841325402259827 0.5118483901023865 
vt 0.47841325402259827 0.5118483901023865 
vt 0.4780673682689667 0.5245853662490845 
vt 0.4780673682689667 0.5245853662490845 
vt 0.4762226343154907 0.5118483901023865 
vt 0.4762226343154907 0.5118483901023865 
vt 0.4765685200691223 0.5237837433815002 
vt 0.4765685200691223 0.5237837433815002 
vt 0.47553086280822754 0.5232493281364441 
vt 0.47553086280822754 0.5232493281364441 
vt 0.47564616799354553 0.5118483901023865 
vt 0.47564616799354553 0.5118483901023865 
vt 0.4780673682689667 0.5245853662490845 
vt 0.4780673682689667 0.5245853662490845 
vt 0.47841325402259827 0.5118483901023865 
vt 0.47841325402259827 0.5118483901023865 
vt 0.47564616799354553 0.5118483901023865 
vt 0.47564616799354553 0.5118483901023865 
vt 0.47553086280822754 0.5232493281364441 
vt 0.47553086280822754 0.5232493281364441 
vt 0.47945088148117065 0.5253870487213135 
vt 0.47945088148117065 0.5253870487213135 
vt 0.47898972034454346 0.5118483901023865 
vt 0.47898972034454346 0.5118483901023865 
vt 0.47898972034454346 0.5118483901023865 
vt 0.47898972034454346 0.5118483901023865 
vt 0.47945088148117065 0.5253870487213135 
vt 0.47945088148117065 0.5253870487213135 
vt 0.4765685200691223 0.5237837433815002 
vt 0.4765685200691223 0.5237837433815002 
vt 0.4762226343154907 0.5118483901023865 
vt 0.4762226343154907 0.5118483901023865 
vt 0.3846783936023712 0.8015934228897095 
s on 
f 1/1/1 2/2/2 3/3/3 
f 2/2/2 2/2/2 3/3/3 
f 3/3/3 2/2/2 4/4/4 
f 2/2/2 2/2/2 4/4/4 
f 4/4/4 2/2/2 5/5/5 
f 2/2/2 2/2/2 5/5/5 
f 5/5/5 2/2/2 6/6/6 
f 2/2/2 7/7/7 6/6/6 
f 6/6/6 7/7/7 8/8/8 
f 7/7/7 9/9/9 8/8/8 
f 8/8/8 9/9/9 10/10/10 
f 9/9/9 9/9/9 10/10/10 
f 10/10/10 9/9/9 11/11/11 
f 9/9/9 12/12/12 11/11/11 
f 11/11/11 12/12/12 11/11/11 
f 12/12/12 13/13/13 11/11/11 
f 11/11/11 13/13/13 14/14/14 
f 13/13/13 13/13/13 14/14/14 
f 14/14/14 13/13/13 15/15/15 
f 13/13/13 16/16/16 15/15/15 
f 15/15/15 16/16/16 17/17/17 
f 16/16/16 18/18/18 17/17/17 
f 17/17/17 18/18/18 17/17/17 
f 18/18/18 19/19/19 17/17/17 
f 17/17/17 19/19/19 17/17/17 
f 19/19/19 20/20/20 17/17/17 
f 17/17/17 20/20/20 15/15/15 
f 20/20/20 15/15/15 15/15/15 
f 15/15/15 15/15/15 2/2/2 
f 15/15/15 2/2/2 2/2/2 
f 2/2/2 2/2/2 7/7/7 
f 2/2/2 1/1/1 7/7/7 
f 7/7/7 1/1/1 12/12/12 
f 1/1/1 21/21/21 12/12/12 
f 12/12/12 21/21/21 13/13/13 
f 21/21/21 21/21/21 13/13/13 
f 13/13/13 21/21/21 16/16/16 
f 21/21/21 22/22/22 16/16/16 
f 16/16/16 22/22/22 18/18/18 
f 22/22/22 18/18/18 18/18/18 
f 18/18/18 18/18/18 9/9/9 
f 18/18/18 9/9/9 9/9/9 
f 9/9/9 9/9/9 12/12/12 
f 9/9/9 7/7/7 12/12/12 
f 12/12/12 7/7/7 7/7/7 
f 7/7/7 1/1/1 7/7/7 
f 7/7/7 1/1/1 1/1/1 
f 1/1/1 23/23/23 1/1/1 
f 1/1/1 23/23/23 21/21/21 
f 23/23/23 22/22/22 21/21/21 
f 21/21/21 22/22/22 22/22/22 
f 22/22/22 23/23/23 22/22/22 
f 22/22/22 23/23/23 23/23/23 
f 23/23/23 1/1/1 23/23/23 
f 23/23/23 1/1/1 24/24/24 
f 1/1/1 3/3/3 24/24/24 
f 24/24/24 3/3/3 25/25/25 
f 3/3/3 4/4/4 25/25/25 
f 25/25/25 4/4/4 26/26/26 
f 4/4/4 4/4/4 26/26/26 
f 26/26/26 4/4/4 27/27/27 
f 4/4/4 5/5/5 27/27/27 
f 27/27/27 5/5/5 28/28/28 
f 5/5/5 5/5/5 28/28/28 
f 28/28/28 5/5/5 29/29/29 
f 5/5/5 6/6/6 29/29/29 
f 29/29/29 6/6/6 30/30/30 
f 6/6/6 8/8/8 30/30/30 
f 30/30/30 8/8/8 31/31/31 
f 8/8/8 10/10/10 31/31/31 
f 31/31/31 10/10/10 31/31/31 
f 10/10/10 32/32/32 31/31/31 
f 31/31/31 32/32/32 33/33/33 
f 32/32/32 32/32/32 33/33/33 
f 33/33/33 32/32/32 34/34/34 
f 32/32/32 20/20/20 34/34/34 
f 34/34/34 20/20/20 34/34/34 
f 20/20/20 19/19/19 34/34/34 
f 34/34/34 19/19/19 35/35/35 
f 19/19/19 19/19/19 35/35/35 
f 35/35/35 19/19/19 36/36/36 
f 19/19/19 18/18/18 36/36/36 
f 36/36/36 18/18/18 37/37/37 
f 18/18/18 22/22/22 37/37/37 
f 37/37/37 22/22/22 38/38/38 
f 22/22/22 39/39/39 38/38/38 
f 38/38/38 39/39/39 40/40/40 
f 39/39/39 39/39/39 40/40/40 
f 40/40/40 39/39/39 23/23/23 
f 39/39/39 22/22/22 23/23/23 
f 23/23/23 22/22/22 22/22/22 
f 22/22/22 25/25/25 22/22/22 
f 22/22/22 25/25/25 25/25/25 
f 25/25/25 23/23/23 25/25/25 
f 25/25/25 23/23/23 24/24/24 
f 23/23/23 24/24/24 24/24/24 
f 24/24/24 24/24/24 40/40/40 
f 24/24/24 40/40/40 40/40/40 
f 40/40/40 40/40/40 38/38/38 
f 40/40/40 41/41/41 38/38/38 
f 38/38/38 41/41/41 37/37/37 
f 41/41/41 42/42/42 37/37/37 
f 37/37/37 42/42/42 36/36/36 
f 42/42/42 43/43/43 36/36/36 
f 36/36/36 43/43/43 35/35/35 
f 43/43/43 44/44/44 35/35/35 
f 35/35/35 44/44/44 35/35/35 
f 44/44/44 45/45/45 35/35/35 
f 35/35/35 45/45/45 35/35/35 
f 45/45/45 46/46/46 35/35/35 
f 35/35/35 46/46/46 35/35/35 
f 46/46/46 47/47/47 35/35/35 
f 35/35/35 47/47/47 34/34/34 
f 47/47/47 47/47/47 34/34/34 
f 34/34/34 47/47/47 33/33/33 
f 47/47/47 48/48/48 33/33/33 
f 33/33/33 48/48/48 49/49/49 
f 48/48/48 50/50/50 49/49/49 
f 49/49/49 50/50/50 49/49/49 
f 50/50/50 51/51/51 49/49/49 
f 49/49/49 51/51/51 49/49/49 
f 51/51/51 52/52/52 49/49/49 
f 49/49/49 52/52/52 49/49/49 
f 52/52/52 30/30/30 49/49/49 
f 49/49/49 30/30/30 49/49/49 
f 30/30/30 31/31/31 49/49/49 
f 49/49/49 31/31/31 33/33/33 
f 31/31/31 33/33/33 33/33/33 
f 33/33/33 33/33/33 50/50/50 
f 33/33/33 50/50/50 50/50/50 
f 50/50/50 50/50/50 53/53/53 
f 50/50/50 48/48/48 53/53/53 
f 53/53/53 48/48/48 54/54/54 
f 48/48/48 47/47/47 54/54/54 
f 54/54/54 47/47/47 55/55/55 
f 47/47/47 46/46/46 55/55/55 
f 55/55/55 46/46/46 56/56/56 
f 46/46/46 46/46/46 56/56/56 
f 56/56/56 46/46/46 57/57/57 
f 46/46/46 45/45/45 57/57/57 
f 57/57/57 45/45/45 58/58/58 
f 45/45/45 59/59/59 58/58/58 
f 58/58/58 59/59/59 60/60/60 
f 59/59/59 55/55/55 60/60/60 
f 60/60/60 55/55/55 60/60/60 
f 55/55/55 56/56/56 60/60/60 
f 60/60/60 56/56/56 60/60/60 
f 56/56/56 61/61/61 60/60/60 
f 60/60/60 61/61/61 62/62/62 
f 61/61/61 63/63/63 62/62/62 
f 62/62/62 63/63/63 64/64/64 
f 63/63/63 64/64/64 64/64/64 
f 64/64/64 64/64/64 45/45/45 
f 64/64/64 45/45/45 45/45/45 
f 45/45/45 45/45/45 59/59/59 
f 45/45/45 44/44/44 59/59/59 
f 59/59/59 44/44/44 59/59/59 
f 44/44/44 54/54/54 59/59/59 
f 59/59/59 54/54/54 55/55/55 
f 54/54/54 55/55/55 55/55/55 
f 55/55/55 55/55/55 65/65/65 
f 55/55/55 65/65/65 65/65/65 
f 65/65/65 65/65/65 66/66/66 
f 65/65/65 67/67/67 66/66/66 
f 66/66/66 67/67/67 62/62/62 
f 67/67/67 67/67/67 62/62/62 
f 62/62/62 67/67/67 60/60/60 
f 67/67/67 67/67/67 60/60/60 
f 60/60/60 67/67/67 68/68/68 
f 67/67/67 69/69/69 68/68/68 
f 68/68/68 69/69/69 70/70/70 
f 69/69/69 71/71/71 70/70/70 
f 70/70/70 71/71/71 72/72/72 
f 71/71/71 72/72/72 72/72/72 
f 72/72/72 72/72/72 67/67/67 
f 72/72/72 67/67/67 67/67/67 
f 67/67/67 67/67/67 69/69/69 
f 67/67/67 73/73/73 69/69/69 
f 69/69/69 73/73/73 74/74/74 
f 73/73/73 74/74/74 74/74/74 
f 74/74/74 74/74/74 75/75/75 
f 74/74/74 75/75/75 75/75/75 
f 75/75/75 75/75/75 76/76/76 
f 75/75/75 77/77/77 76/76/76 
f 76/76/76 77/77/77 70/70/70 
f 77/77/77 78/78/78 70/70/70 
f 70/70/70 78/78/78 68/68/68 
f 78/78/78 68/68/68 68/68/68 
f 68/68/68 68/68/68 79/79/79 
f 68/68/68 79/79/79 79/79/79 
f 79/79/79 79/79/79 80/80/80 
f 79/79/79 81/81/81 80/80/80 
f 80/80/80 81/81/81 77/77/77 
f 81/81/81 81/81/81 77/77/77 
f 77/77/77 81/81/81 78/78/78 
f 81/81/81 56/56/56 78/78/78 
f 78/78/78 56/56/56 78/78/78 
f 56/56/56 57/57/57 78/78/78 
f 78/78/78 57/57/57 82/82/82 
f 57/57/57 58/58/58 82/82/82 
f 82/82/82 58/58/58 58/58/58 
f 58/58/58 83/83/83 58/58/58 
f 58/58/58 83/83/83 83/83/83 
f 83/83/83 84/84/84 83/83/83 
f 83/83/83 84/84/84 85/85/85 
f 84/84/84 84/84/84 85/85/85 
f 85/85/85 84/84/84 81/81/81 
f 84/84/84 84/84/84 81/81/81 
f 81/81/81 84/84/84 56/56/56 
f 84/84/84 84/84/84 56/56/56 
f 56/56/56 84/84/84 61/61/61 
f 84/84/84 86/86/86 61/61/61 
f 61/61/61 86/86/86 87/87/87 
f 86/86/86 87/87/87 87/87/87 
f 87/87/87 87/87/87 78/78/78 
f 87/87/87 78/78/78 78/78/78 
f 78/78/78 78/78/78 68/68/68 
f 78/78/78 82/82/82 68/68/68 
f 68/68/68 82/82/82 88/88/88 
f 82/82/82 58/58/58 88/88/88 
f 88/88/88 58/58/58 88/88/88 
f 58/58/58 60/60/60 88/88/88 
f 88/88/88 60/60/60 68/68/68 
f 60/60/60 68/68/68 68/68/68 
f 68/68/68 68/68/68 89/89/89 
f 68/68/68 89/89/89 89/89/89 
f 89/89/89 89/89/89 90/90/90 
f 89/89/89 91/91/91 90/90/90 
f 90/90/90 91/91/91 92/92/92 
f 91/91/91 91/91/91 92/92/92 
f 92/92/92 91/91/91 93/93/93 
f 91/91/91 91/91/91 93/93/93 
f 93/93/93 91/91/91 94/94/94 
f 91/91/91 95/95/95 94/94/94 
f 94/94/94 95/95/95 96/96/96 
f 95/95/95 97/97/97 96/96/96 
f 96/96/96 97/97/97 98/98/98 
f 97/97/97 98/98/98 98/98/98 
f 98/98/98 98/98/98 91/91/91 
f 98/98/98 91/91/91 91/91/91 
f 91/91/91 91/91/91 95/95/95 
f 91/91/91 99/99/99 95/95/95 
f 95/95/95 99/99/99 100/100/100 
f 99/99/99 100/100/100 100/100/100 
f 100/100/100 100/100/100 101/101/101 
f 100/100/100 101/101/101 101/101/101 
f 101/101/101 101/101/101 102/102/102 
f 101/101/101 103/103/103 102/102/102 
f 102/102/102 103/103/103 96/96/96 
f 103/103/103 104/104/104 96/96/96 
f 96/96/96 104/104/104 94/94/94 
f 104/104/104 94/94/94 94/94/94 
f 94/94/94 94/94/94 105/105/105 
f 94/94/94 105/105/105 105/105/105 
f 105/105/105 105/105/105 106/106/106 
f 105/105/105 107/107/107 106/106/106 
f 106/106/106 107/107/107 103/103/103 
f 107/107/107 107/107/107 103/103/103 
f 103/103/103 107/107/107 104/104/104 
f 107/107/107 107/107/107 104/104/104 
f 104/104/104 107/107/107 108/108/108 
f 107/107/107 109/109/109 108/108/108 
f 108/108/108 109/109/109 110/110/110 
f 109/109/109 111/111/111 110/110/110 
f 110/110/110 111/111/111 112/112/112 
f 111/111/111 112/112/112 112/112/112 
f 112/112/112 112/112/112 107/107/107 
f 112/112/112 107/107/107 107/107/107 
f 107/107/107 107/107/107 109/109/109 
f 107/107/107 113/113/113 109/109/109 
f 109/109/109 113/113/113 114/114/114 
f 113/113/113 114/114/114 114/114/114 
f 114/114/114 114/114/114 115/115/115 
f 114/114/114 115/115/115 115/115/115 
f 115/115/115 115/115/115 116/116/116 
f 115/115/115 92/92/92 116/116/116 
f 116/116/116 92/92/92 110/110/110 
f 92/92/92 93/93/93 110/110/110 
f 110/110/110 93/93/93 108/108/108 
f 93/93/93 117/117/117 108/108/108 
f 108/108/108 117/117/117 118/118/118 
f 117/117/117 119/119/119 118/118/118 
f 118/118/118 119/119/119 118/118/118 
f 119/119/119 120/120/120 118/118/118 
f 118/118/118 120/120/120 104/104/104 
f 120/120/120 120/120/120 104/104/104 
f 104/104/104 120/120/120 94/94/94 
f 120/120/120 52/52/52 94/94/94 
f 94/94/94 52/52/52 94/94/94 
f 52/52/52 51/51/51 94/94/94 
f 94/94/94 51/51/51 93/93/93 
f 51/51/51 121/121/121 93/93/93 
f 93/93/93 121/121/121 119/119/119 
f 121/121/121 122/122/122 119/119/119 
f 119/119/119 122/122/122 120/120/120 
f 122/122/122 122/122/122 120/120/120 
f 120/120/120 122/122/122 52/52/52 
f 122/122/122 122/122/122 52/52/52 
f 52/52/52 122/122/122 30/30/30 
f 122/122/122 122/122/122 30/30/30 
f 30/30/30 122/122/122 123/123/123 
f 122/122/122 121/121/121 123/123/123 
f 123/123/123 121/121/121 50/50/50 
f 121/121/121 51/51/51 50/50/50 
f 50/50/50 51/51/51 51/51/51 
f 51/51/51 118/118/118 51/51/51 
f 51/51/51 118/118/118 118/118/118 
f 118/118/118 104/104/104 118/118/118 
f 118/118/118 104/104/104 108/108/108 
f 104/104/104 108/108/108 108/108/108 
f 108/108/108 108/108/108 93/93/93 
f 108/108/108 93/93/93 93/93/93 
f 93/93/93 93/93/93 117/117/117 
f 93/93/93 119/119/119 117/117/117 
f 117/117/117 119/119/119 119/119/119 
f 119/119/119 30/30/30 119/119/119 
f 119/119/119 30/30/30 30/30/30 
f 30/30/30 123/123/123 30/30/30 
f 30/30/30 123/123/123 29/29/29 
f 123/123/123 124/124/124 29/29/29 
f 29/29/29 124/124/124 28/28/28 
f 124/124/124 125/125/125 28/28/28 
f 28/28/28 125/125/125 126/126/126 
f 125/125/125 125/125/125 126/126/126 
f 126/126/126 125/125/125 127/127/127 
f 125/125/125 124/124/124 127/127/127 
f 127/127/127 124/124/124 50/50/50 
f 124/124/124 123/123/123 50/50/50 
f 50/50/50 123/123/123 123/123/123 
f 123/123/123 28/28/28 123/123/123 
f 123/123/123 28/28/28 28/28/28 
f 28/28/28 126/126/126 28/28/28 
f 28/28/28 126/126/126 27/27/27 
f 126/126/126 128/128/128 27/27/27 
f 27/27/27 128/128/128 26/26/26 
f 128/128/128 129/129/129 26/26/26 
f 26/26/26 129/129/129 130/130/130 
f 129/129/129 131/131/131 130/130/130 
f 130/130/130 131/131/131 40/40/40 
f 131/131/131 131/131/131 40/40/40 
f 40/40/40 131/131/131 41/41/41 
f 131/131/131 132/132/132 41/41/41 
f 41/41/41 132/132/132 42/42/42 
f 132/132/132 42/42/42 42/42/42 
f 42/42/42 42/42/42 26/26/26 
f 42/42/42 26/26/26 26/26/26 
f 26/26/26 26/26/26 25/25/25 
f 26/26/26 130/130/130 25/25/25 
f 25/25/25 130/130/130 23/23/23 
f 130/130/130 40/40/40 23/23/23 
f 23/23/23 40/40/40 40/40/40 
f 40/40/40 132/132/132 40/40/40 
f 40/40/40 132/132/132 132/132/132 
f 132/132/132 131/131/131 132/132/132 
f 132/132/132 131/131/131 133/133/133 
f 131/131/131 129/129/129 133/133/133 
f 133/133/133 129/129/129 134/134/134 
f 129/129/129 128/128/128 134/134/134 
f 134/134/134 128/128/128 135/135/135 
f 128/128/128 126/126/126 135/135/135 
f 135/135/135 126/126/126 136/136/136 
f 126/126/126 137/137/137 136/136/136 
f 136/136/136 137/137/137 138/138/138 
f 137/137/137 139/139/139 138/138/138 
f 138/138/138 139/139/139 140/140/140 
f 139/139/139 140/140/140 140/140/140 
f 140/140/140 140/140/140 126/126/126 
f 140/140/140 126/126/126 126/126/126 
f 126/126/126 126/126/126 137/137/137 
f 126/126/126 127/127/127 137/137/137 
f 137/137/137 127/127/127 139/139/139 
f 127/127/127 50/50/50 139/139/139 
f 139/139/139 50/50/50 50/50/50 
f 50/50/50 141/141/141 50/50/50 
f 50/50/50 141/141/141 141/141/141 
f 141/141/141 142/142/142 141/141/141 
f 141/141/141 142/142/142 143/143/143 
f 142/142/142 142/142/142 143/143/143 
f 143/143/143 142/142/142 138/138/138 
f 142/142/142 142/142/142 138/138/138 
f 138/138/138 142/142/142 136/136/136 
f 142/142/142 144/144/144 136/136/136 
f 136/136/136 144/144/144 136/136/136 
f 144/144/144 145/145/145 136/136/136 
f 136/136/136 145/145/145 135/135/135 
f 145/145/145 146/146/146 135/135/135 
f 135/135/135 146/146/146 134/134/134 
f 146/146/146 147/147/147 134/134/134 
f 134/134/134 147/147/147 133/133/133 
f 147/147/147 133/133/133 133/133/133 
f 133/133/133 133/133/133 141/141/141 
f 133/133/133 141/141/141 141/141/141 
f 141/141/141 141/141/141 142/142/142 
f 141/141/141 148/148/148 142/142/142 
f 142/142/142 148/148/148 144/144/144 
f 148/148/148 149/149/149 144/144/144 
f 144/144/144 149/149/149 150/150/150 
f 149/149/149 149/149/149 150/150/150 
f 150/150/150 149/149/149 151/151/151 
f 149/149/149 152/152/152 151/151/151 
f 151/151/151 152/152/152 153/153/153 
f 152/152/152 154/154/154 153/153/153 
f 153/153/153 154/154/154 154/154/154 
f 154/154/154 146/146/146 154/154/154 
f 154/154/154 146/146/146 146/146/146 
f 146/146/146 145/145/145 146/146/146 
f 146/146/146 145/145/145 147/147/147 
f 145/145/145 145/145/145 147/147/147 
f 147/147/147 145/145/145 150/150/150 
f 145/145/145 144/144/144 150/150/150 
f 150/150/150 144/144/144 144/144/144 
f 144/144/144 148/148/148 144/144/144 
f 144/144/144 148/148/148 148/148/148 
f 148/148/148 155/155/155 148/148/148 
f 148/148/148 155/155/155 149/149/149 
f 155/155/155 152/152/152 149/149/149 
f 149/149/149 152/152/152 152/152/152 
f 152/152/152 156/156/156 152/152/152 
f 152/152/152 156/156/156 156/156/156 
f 156/156/156 157/157/157 156/156/156 
f 156/156/156 157/157/157 154/154/154 
f 157/157/157 158/158/158 154/154/154 
f 154/154/154 158/158/158 153/153/153 
f 158/158/158 159/159/159 153/153/153 
f 153/153/153 159/159/159 153/153/153 
f 159/159/159 160/160/160 153/153/153 
f 153/153/153 160/160/160 153/153/153 
f 160/160/160 161/161/161 153/153/153 
f 153/153/153 161/161/161 151/151/151 
f 161/161/161 162/162/162 151/151/151 
f 151/151/151 162/162/162 151/151/151 
f 162/162/162 163/163/163 151/151/151 
f 151/151/151 163/163/163 150/150/150 
f 163/163/163 164/164/164 150/150/150 
f 150/150/150 164/164/164 147/147/147 
f 164/164/164 164/164/164 147/147/147 
f 147/147/147 164/164/164 133/133/133 
f 164/164/164 164/164/164 133/133/133 
f 133/133/133 164/164/164 132/132/132 
f 164/164/164 165/165/165 132/132/132 
f 132/132/132 165/165/165 42/42/42 
f 165/165/165 165/165/165 42/42/42 
f 42/42/42 165/165/165 43/43/43 
f 165/165/165 166/166/166 43/43/43 
f 43/43/43 166/166/166 44/44/44 
f 166/166/166 166/166/166 44/44/44 
f 44/44/44 166/166/166 54/54/54 
f 166/166/166 167/167/167 54/54/54 
f 54/54/54 167/167/167 167/167/167 
f 167/167/167 154/154/154 167/167/167 
f 167/167/167 154/154/154 154/154/154 
f 154/154/154 168/168/168 154/154/154 
f 154/154/154 168/168/168 156/156/156 
f 168/168/168 168/168/168 156/156/156 
f 156/156/156 168/168/168 169/169/169 
f 168/168/168 170/170/170 169/169/169 
f 169/169/169 170/170/170 171/171/171 
f 170/170/170 172/172/172 171/171/171 
f 171/171/171 172/172/172 172/172/172 
f 172/172/172 164/164/164 172/172/172 
f 172/172/172 164/164/164 164/164/164 
f 164/164/164 163/163/163 164/164/164 
f 164/164/164 163/163/163 167/167/167 
f 163/163/163 162/162/162 167/167/167 
f 167/167/167 162/162/162 54/54/54 
f 162/162/162 173/173/173 54/54/54 
f 54/54/54 173/173/173 53/53/53 
f 173/173/173 174/174/174 53/53/53 
f 53/53/53 174/174/174 53/53/53 
f 174/174/174 175/175/175 53/53/53 
f 53/53/53 175/175/175 50/50/50 
f 175/175/175 175/175/175 50/50/50 
f 50/50/50 175/175/175 139/139/139 
f 175/175/175 176/176/176 139/139/139 
f 139/139/139 176/176/176 139/139/139 
f 176/176/176 177/177/177 139/139/139 
f 139/139/139 177/177/177 140/140/140 
f 177/177/177 178/178/178 140/140/140 
f 140/140/140 178/178/178 179/179/179 
f 178/178/178 180/180/180 179/179/179 
f 179/179/179 180/180/180 179/179/179 
f 180/180/180 181/181/181 179/179/179 
f 179/179/179 181/181/181 179/179/179 
f 181/181/181 182/182/182 179/179/179 
f 179/179/179 182/182/182 179/179/179 
f 182/182/182 143/143/143 179/179/179 
f 179/179/179 143/143/143 179/179/179 
f 143/143/143 138/138/138 179/179/179 
f 179/179/179 138/138/138 140/140/140 
f 138/138/138 140/140/140 140/140/140 
f 140/140/140 140/140/140 180/180/180 
f 140/140/140 180/180/180 180/180/180 
f 180/180/180 180/180/180 183/183/183 
f 180/180/180 178/178/178 183/183/183 
f 183/183/183 178/178/178 184/184/184 
f 178/178/178 177/177/177 184/184/184 
f 184/184/184 177/177/177 185/185/185 
f 177/177/177 176/176/176 185/185/185 
f 185/185/185 176/176/176 186/186/186 
f 176/176/176 176/176/176 186/186/186 
f 186/186/186 176/176/176 187/187/187 
f 176/176/176 175/175/175 187/187/187 
f 187/187/187 175/175/175 188/188/188 
f 175/175/175 189/189/189 188/188/188 
f 188/188/188 189/189/189 190/190/190 
f 189/189/189 189/189/189 190/190/190 
f 190/190/190 189/189/189 191/191/191 
f 189/189/189 189/189/189 191/191/191 
f 191/191/191 189/189/189 173/173/173 
f 189/189/189 189/189/189 173/173/173 
f 173/173/173 189/189/189 174/174/174 
f 189/189/189 175/175/175 174/174/174 
f 174/174/174 175/175/175 175/175/175 
f 175/175/175 190/190/190 175/175/175 
f 175/175/175 190/190/190 190/190/190 
f 190/190/190 192/192/192 190/190/190 
f 190/190/190 192/192/192 188/188/188 
f 192/192/192 193/193/193 188/188/188 
f 188/188/188 193/193/193 187/187/187 
f 193/193/193 194/194/194 187/187/187 
f 187/187/187 194/194/194 186/186/186 
f 194/194/194 195/195/195 186/186/186 
f 186/186/186 195/195/195 186/186/186 
f 195/195/195 196/196/196 186/186/186 
f 186/186/186 196/196/196 185/185/185 
f 196/196/196 197/197/197 185/185/185 
f 185/185/185 197/197/197 184/184/184 
f 197/197/197 198/198/198 184/184/184 
f 184/184/184 198/198/198 183/183/183 
f 198/198/198 183/183/183 183/183/183 
f 183/183/183 183/183/183 199/199/199 
f 183/183/183 199/199/199 199/199/199 
f 199/199/199 199/199/199 200/200/200 
f 199/199/199 201/201/201 200/200/200 
f 200/200/200 201/201/201 195/195/195 
f 201/201/201 201/201/201 195/195/195 
f 195/195/195 201/201/201 196/196/196 
f 201/201/201 202/202/202 196/196/196 
f 196/196/196 202/202/202 197/197/197 
f 202/202/202 203/203/203 197/197/197 
f 197/197/197 203/203/203 198/198/198 
f 203/203/203 204/204/204 198/198/198 
f 198/198/198 204/204/204 205/205/205 
f 204/204/204 204/204/204 205/205/205 
f 205/205/205 204/204/204 206/206/206 
f 204/204/204 203/203/203 206/206/206 
f 206/206/206 203/203/203 206/206/206 
f 203/203/203 202/202/202 206/206/206 
f 206/206/206 202/202/202 201/201/201 
f 202/202/202 201/201/201 201/201/201 
f 201/201/201 201/201/201 198/198/198 
f 201/201/201 198/198/198 198/198/198 
f 198/198/198 198/198/198 183/183/183 
f 198/198/198 205/205/205 183/183/183 
f 183/183/183 205/205/205 207/207/207 
f 205/205/205 208/208/208 207/207/207 
f 207/207/207 208/208/208 209/209/209 
f 208/208/208 210/210/210 209/209/209 
f 209/209/209 210/210/210 211/211/211 
f 210/210/210 212/212/212 211/211/211 
f 211/211/211 212/212/212 194/194/194 
f 212/212/212 195/195/195 194/194/194 
f 194/194/194 195/195/195 195/195/195 
f 195/195/195 183/183/183 195/195/195 
f 195/195/195 183/183/183 183/183/183 
f 183/183/183 207/207/207 183/183/183 
f 183/183/183 207/207/207 180/180/180 
f 207/207/207 213/213/213 180/180/180 
f 180/180/180 213/213/213 181/181/181 
f 213/213/213 213/213/213 181/181/181 
f 181/181/181 213/213/213 214/214/214 
f 213/213/213 215/215/215 214/214/214 
f 214/214/214 215/215/215 192/192/192 
f 215/215/215 215/215/215 192/192/192 
f 192/192/192 215/215/215 193/193/193 
f 215/215/215 211/211/211 193/193/193 
f 193/193/193 211/211/211 194/194/194 
f 211/211/211 194/194/194 194/194/194 
f 194/194/194 194/194/194 207/207/207 
f 194/194/194 207/207/207 207/207/207 
f 207/207/207 207/207/207 213/213/213 
f 207/207/207 209/209/209 213/213/213 
f 213/213/213 209/209/209 215/215/215 
f 209/209/209 211/211/211 215/215/215 
f 215/215/215 211/211/211 211/211/211 
f 211/211/211 214/214/214 211/211/211 
f 211/211/211 214/214/214 214/214/214 
f 214/214/214 192/192/192 214/214/214 
f 214/214/214 192/192/192 216/216/216 
f 192/192/192 190/190/190 216/216/216 
f 216/216/216 190/190/190 217/217/217 
f 190/190/190 191/191/191 217/217/217 
f 217/217/217 191/191/191 218/218/218 
f 191/191/191 191/191/191 218/218/218 
f 218/218/218 191/191/191 219/219/219 
f 191/191/191 173/173/173 219/219/219 
f 219/219/219 173/173/173 220/220/220 
f 173/173/173 162/162/162 220/220/220 
f 220/220/220 162/162/162 221/221/221 
f 162/162/162 161/161/161 221/221/221 
f 221/221/221 161/161/161 221/221/221 
f 161/161/161 160/160/160 221/221/221 
f 221/221/221 160/160/160 222/222/222 
f 160/160/160 160/160/160 222/222/222 
f 222/222/222 160/160/160 223/223/223 
f 160/160/160 159/159/159 223/223/223 
f 223/223/223 159/159/159 224/224/224 
f 159/159/159 159/159/159 224/224/224 
f 224/224/224 159/159/159 225/225/225 
f 159/159/159 158/158/158 225/225/225 
f 225/225/225 158/158/158 226/226/226 
f 158/158/158 158/158/158 226/226/226 
f 226/226/226 158/158/158 227/227/227 
f 158/158/158 157/157/157 227/227/227 
f 227/227/227 157/157/157 228/228/228 
f 157/157/157 229/229/229 228/228/228 
f 228/228/228 229/229/229 230/230/230 
f 229/229/229 229/229/229 230/230/230 
f 230/230/230 229/229/229 231/231/231 
f 229/229/229 232/232/232 231/231/231 
f 231/231/231 232/232/232 231/231/231 
f 232/232/232 233/233/233 231/231/231 
f 231/231/231 233/233/233 234/234/234 
f 233/233/233 233/233/233 234/234/234 
f 234/234/234 233/233/233 235/235/235 
f 233/233/233 236/236/236 235/235/235 
f 235/235/235 236/236/236 237/237/237 
f 236/236/236 236/236/236 237/237/237 
f 237/237/237 236/236/236 181/181/181 
f 236/236/236 236/236/236 181/181/181 
f 181/181/181 236/236/236 182/182/182 
f 236/236/236 238/238/238 182/182/182 
f 182/182/182 238/238/238 239/239/239 
f 238/238/238 240/240/240 239/239/239 
f 239/239/239 240/240/240 241/241/241 
f 240/240/240 242/242/242 241/241/241 
f 241/241/241 242/242/242 243/243/243 
f 242/242/242 243/243/243 243/243/243 
f 243/243/243 243/243/243 181/181/181 
f 243/243/243 181/181/181 181/181/181 
f 181/181/181 181/181/181 237/237/237 
f 181/181/181 214/214/214 237/237/237 
f 237/237/237 214/214/214 244/244/244 
f 214/214/214 214/214/214 244/244/244 
f 244/244/244 214/214/214 245/245/245 
f 214/214/214 216/216/216 245/245/245 
f 245/245/245 216/216/216 226/226/226 
f 216/216/216 217/217/217 226/226/226 
f 226/226/226 217/217/217 246/246/246 
f 217/217/217 218/218/218 246/246/246 
f 246/246/246 218/218/218 247/247/247 
f 218/218/218 218/218/218 247/247/247 
f 247/247/247 218/218/218 248/248/248 
f 218/218/218 219/219/219 248/248/248 
f 248/248/248 219/219/219 249/249/249 
f 219/219/219 220/220/220 249/249/249 
f 249/249/249 220/220/220 250/250/250 
f 220/220/220 221/221/221 250/250/250 
f 250/250/250 221/221/221 250/250/250 
f 221/221/221 222/222/222 250/250/250 
f 250/250/250 222/222/222 251/251/251 
f 222/222/222 222/222/222 251/251/251 
f 251/251/251 222/222/222 252/252/252 
f 222/222/222 223/223/223 252/252/252 
f 252/252/252 223/223/223 253/253/253 
f 223/223/223 224/224/224 253/253/253 
f 253/253/253 224/224/224 254/254/254 
f 224/224/224 255/255/255 254/254/254 
f 254/254/254 255/255/255 256/256/256 
f 255/255/255 247/247/247 256/256/256 
f 256/256/256 247/247/247 257/257/257 
f 247/247/247 248/248/248 257/257/257 
f 257/257/257 248/248/248 258/258/258 
f 248/248/248 249/249/249 258/258/258 
f 258/258/258 249/249/249 259/259/259 
f 249/249/249 250/250/250 259/259/259 
f 259/259/259 250/250/250 259/259/259 
f 250/250/250 251/251/251 259/259/259 
f 259/259/259 251/251/251 260/260/260 
f 251/251/251 251/251/251 260/260/260 
f 260/260/260 251/251/251 261/261/261 
f 251/251/251 252/252/252 261/261/261 
f 261/261/261 252/252/252 262/262/262 
f 252/252/252 253/253/253 262/262/262 
f 262/262/262 253/253/253 263/263/263 
f 253/253/253 264/264/264 263/263/263 
f 263/263/263 264/264/264 265/265/265 
f 264/264/264 265/265/265 265/265/265 
f 265/265/265 265/265/265 224/224/224 
f 265/265/265 224/224/224 224/224/224 
f 224/224/224 224/224/224 255/255/255 
f 224/224/224 225/225/225 255/255/255 
f 255/255/255 225/225/225 246/246/246 
f 225/225/225 226/226/226 246/246/246 
f 246/246/246 226/226/226 226/226/226 
f 226/226/226 246/246/246 226/226/226 
f 226/226/226 246/246/246 246/246/246 
f 246/246/246 247/247/247 246/246/246 
f 246/246/246 247/247/247 255/255/255 
f 247/247/247 255/255/255 255/255/255 
f 255/255/255 255/255/255 262/262/262 
f 255/255/255 262/262/262 262/262/262 
f 262/262/262 262/262/262 261/261/261 
f 262/262/262 263/263/263 261/261/261 
f 261/261/261 263/263/263 260/260/260 
f 263/263/263 266/266/266 260/260/260 
f 260/260/260 266/266/266 259/259/259 
f 266/266/266 266/266/266 259/259/259 
f 259/259/259 266/266/266 258/258/258 
f 266/266/266 267/267/267 258/258/258 
f 258/258/258 267/267/267 268/268/268 
f 267/267/267 268/268/268 268/268/268 
f 268/268/268 268/268/268 269/269/269 
f 268/268/268 269/269/269 269/269/269 
f 269/269/269 269/269/269 270/270/270 
f 269/269/269 271/271/271 270/270/270 
f 270/270/270 271/271/271 263/263/263 
f 271/271/271 271/271/271 263/263/263 
f 263/263/263 271/271/271 266/266/266 
f 271/271/271 272/272/272 266/266/266 
f 266/266/266 272/272/272 273/273/273 
f 272/272/272 274/274/274 273/273/273 
f 273/273/273 274/274/274 275/275/275 
f 274/274/274 275/275/275 275/275/275 
f 275/275/275 275/275/275 271/271/271 
f 275/275/275 271/271/271 271/271/271 
f 271/271/271 271/271/271 272/272/272 
f 271/271/271 276/276/276 272/272/272 
f 272/272/272 276/276/276 277/277/277 
f 276/276/276 277/277/277 277/277/277 
f 277/277/277 277/277/277 273/273/273 
f 277/277/277 273/273/273 273/273/273 
f 273/273/273 273/273/273 266/266/266 
f 273/273/273 278/278/278 266/266/266 
f 266/266/266 278/278/278 279/279/279 
f 278/278/278 279/279/279 279/279/279 
f 279/279/279 279/279/279 280/280/280 
f 279/279/279 280/280/280 280/280/280 
f 280/280/280 280/280/280 281/281/281 
f 280/280/280 282/282/282 281/281/281 
f 281/281/281 282/282/282 281/281/281 
f 282/282/282 283/283/283 281/281/281 
f 281/281/281 283/283/283 280/280/280 
f 283/283/283 284/284/284 280/280/280 
f 280/280/280 284/284/284 285/285/285 
f 284/284/284 284/284/284 285/285/285 
f 285/285/285 284/284/284 286/286/286 
f 284/284/284 284/284/284 286/286/286 
f 286/286/286 284/284/284 287/287/287 
f 284/284/284 283/283/283 287/287/287 
f 287/287/287 283/283/283 288/288/288 
f 283/283/283 282/282/282 288/288/288 
f 288/288/288 282/282/282 289/289/289 
f 282/282/282 290/290/290 289/289/289 
f 289/289/289 290/290/290 280/280/280 
f 290/290/290 282/282/282 280/280/280 
f 280/280/280 282/282/282 282/282/282 
f 282/282/282 285/285/285 282/282/282 
f 282/282/282 285/285/285 285/285/285 
f 285/285/285 291/291/291 285/285/285 
f 285/285/285 291/291/291 280/280/280 
f 291/291/291 291/291/291 280/280/280 
f 280/280/280 291/291/291 289/289/289 
f 291/291/291 292/292/292 289/289/289 
f 289/289/289 292/292/292 289/289/289 
f 292/292/292 293/293/293 289/289/289 
f 289/289/289 293/293/293 288/288/288 
f 293/293/293 294/294/294 288/288/288 
f 288/288/288 294/294/294 287/287/287 
f 294/294/294 295/295/295 287/287/287 
f 287/287/287 295/295/295 286/286/286 
f 295/295/295 286/286/286 286/286/286 
f 286/286/286 286/286/286 293/293/293 
f 286/286/286 293/293/293 293/293/293 
f 293/293/293 293/293/293 294/294/294 
f 293/293/293 296/296/296 294/294/294 
f 294/294/294 296/296/296 294/294/294 
f 296/296/296 297/297/297 294/294/294 
f 294/294/294 297/297/297 295/295/295 
f 297/297/297 295/295/295 295/295/295 
f 295/295/295 295/295/295 293/293/293 
f 295/295/295 293/293/293 293/293/293 
f 293/293/293 293/293/293 296/296/296 
f 293/293/293 292/292/292 296/296/296 
f 296/296/296 292/292/292 298/298/298 
f 292/292/292 299/299/299 298/298/298 
f 298/298/298 299/299/299 300/300/300 
f 299/299/299 301/301/301 300/300/300 
f 300/300/300 301/301/301 302/302/302 
f 301/301/301 301/301/301 302/302/302 
f 302/302/302 301/301/301 303/303/303 
f 301/301/301 295/295/295 303/303/303 
f 303/303/303 295/295/295 303/303/303 
f 295/295/295 297/297/297 303/303/303 
f 303/303/303 297/297/297 304/304/304 
f 297/297/297 297/297/297 304/304/304 
f 304/304/304 297/297/297 305/305/305 
f 297/297/297 296/296/296 305/305/305 
f 305/305/305 296/296/296 306/306/306 
f 296/296/296 298/298/298 306/306/306 
f 306/306/306 298/298/298 298/298/298 
f 298/298/298 292/292/292 298/298/298 
f 298/298/298 292/292/292 292/292/292 
f 292/292/292 291/291/291 292/292/292 
f 292/292/292 291/291/291 299/299/299 
f 291/291/291 285/285/285 299/299/299 
f 299/299/299 285/285/285 299/299/299 
f 285/285/285 286/286/286 299/299/299 
f 299/299/299 286/286/286 301/301/301 
f 286/286/286 295/295/295 301/301/301 
f 301/301/301 295/295/295 295/295/295 
f 295/295/295 306/306/306 295/295/295 
f 295/295/295 306/306/306 306/306/306 
f 306/306/306 307/307/307 306/306/306 
f 306/306/306 307/307/307 305/305/305 
f 307/307/307 307/307/307 305/305/305 
f 305/305/305 307/307/307 304/304/304 
f 307/307/307 308/308/308 304/304/304 
f 304/304/304 308/308/308 304/304/304 
f 308/308/308 309/309/309 304/304/304 
f 304/304/304 309/309/309 303/303/303 
f 309/309/309 309/309/309 303/303/303 
f 303/303/303 309/309/309 302/302/302 
f 309/309/309 310/310/310 302/302/302 
f 302/302/302 310/310/310 311/311/311 
f 310/310/310 312/312/312 311/311/311 
f 311/311/311 312/312/312 311/311/311 
f 312/312/312 313/313/313 311/311/311 
f 311/311/311 313/313/313 306/306/306 
f 313/313/313 307/307/307 306/306/306 
f 306/306/306 307/307/307 307/307/307 
f 307/307/307 302/302/302 307/307/307 
f 307/307/307 302/302/302 302/302/302 
f 302/302/302 311/311/311 302/302/302 
f 302/302/302 311/311/311 300/300/300 
f 311/311/311 311/311/311 300/300/300 
f 300/300/300 311/311/311 298/298/298 
f 311/311/311 306/306/306 298/298/298 
f 298/298/298 306/306/306 306/306/306 
f 306/306/306 314/314/314 306/306/306 
f 306/306/306 314/314/314 314/314/314 
f 314/314/314 315/315/315 314/314/314 
f 314/314/314 315/315/315 316/316/316 
f 315/315/315 317/317/317 316/316/316 
f 316/316/316 317/317/317 318/318/318 
f 317/317/317 317/317/317 318/318/318 
f 318/318/318 317/317/317 319/319/319 
f 317/317/317 317/317/317 319/319/319 
f 319/319/319 317/317/317 320/320/320 
f 317/317/317 321/321/321 320/320/320 
f 320/320/320 321/321/321 322/322/322 
f 321/321/321 321/321/321 322/322/322 
f 322/322/322 321/321/321 323/323/323 
f 321/321/321 321/321/321 323/323/323 
f 323/323/323 321/321/321 324/324/324 
f 321/321/321 321/321/321 324/324/324 
f 324/324/324 321/321/321 325/325/325 
f 321/321/321 317/317/317 325/325/325 
f 325/325/325 317/317/317 315/315/315 
f 317/317/317 315/315/315 315/315/315 
f 315/315/315 315/315/315 318/318/318 
f 315/315/315 318/318/318 318/318/318 
f 318/318/318 318/318/318 316/316/316 
f 318/318/318 326/326/326 316/316/316 
f 316/316/316 326/326/326 326/326/326 
f 326/326/326 320/320/320 326/326/326 
f 326/326/326 320/320/320 320/320/320 
f 320/320/320 322/322/322 320/320/320 
f 320/320/320 322/322/322 327/327/327 
f 322/322/322 322/322/322 327/327/327 
f 327/327/327 322/322/322 328/328/328 
f 322/322/322 329/329/329 328/328/328 
f 328/328/328 329/329/329 330/330/330 
f 329/329/329 330/330/330 330/330/330 
f 330/330/330 330/330/330 322/322/322 
f 330/330/330 322/322/322 322/322/322 
f 322/322/322 322/322/322 329/329/329 
f 322/322/322 323/323/323 329/329/329 
f 329/329/329 323/323/323 329/329/329 
f 323/323/323 331/331/331 329/329/329 
f 329/329/329 331/331/331 332/332/332 
f 331/331/331 332/332/332 332/332/332 
f 332/332/332 332/332/332 333/333/333 
f 332/332/332 333/333/333 333/333/333 
f 333/333/333 333/333/333 334/334/334 
f 333/333/333 335/335/335 334/334/334 
f 334/334/334 335/335/335 336/336/336 
f 335/335/335 337/337/337 336/336/336 
f 336/336/336 337/337/337 338/338/338 
f 337/337/337 339/339/339 338/338/338 
f 338/338/338 339/339/339 340/340/340 
f 339/339/339 340/340/340 340/340/340 
f 340/340/340 340/340/340 237/237/237 
f 340/340/340 237/237/237 237/237/237 
f 237/237/237 237/237/237 235/235/235 
f 237/237/237 341/341/341 235/235/235 
f 235/235/235 341/341/341 235/235/235 
f 341/341/341 342/342/342 235/235/235 
f 235/235/235 342/342/342 234/234/234 
f 342/342/342 234/234/234 234/234/234 
f 234/234/234 234/234/234 237/237/237 
f 234/234/234 237/237/237 237/237/237 
f 237/237/237 237/237/237 341/341/341 
f 237/237/237 244/244/244 341/341/341 
f 341/341/341 244/244/244 343/343/343 
f 244/244/244 244/244/244 343/343/343 
f 343/343/343 244/244/244 344/344/344 
f 244/244/244 245/245/245 344/344/344 
f 344/344/344 245/245/245 345/345/345 
f 245/245/245 226/226/226 345/345/345 
f 345/345/345 226/226/226 345/345/345 
f 226/226/226 227/227/227 345/345/345 
f 345/345/345 227/227/227 346/346/346 
f 227/227/227 228/228/228 346/346/346 
f 346/346/346 228/228/228 347/347/347 
f 228/228/228 230/230/230 347/347/347 
f 347/347/347 230/230/230 348/348/348 
f 230/230/230 349/349/349 348/348/348 
f 348/348/348 349/349/349 350/350/350 
f 349/349/349 351/351/351 350/350/350 
f 350/350/350 351/351/351 352/352/352 
f 351/351/351 351/351/351 352/352/352 
f 352/352/352 351/351/351 353/353/353 
f 351/351/351 342/342/342 353/353/353 
f 353/353/353 342/342/342 354/354/354 
f 342/342/342 341/341/341 354/354/354 
f 354/354/354 341/341/341 354/354/354 
f 341/341/341 343/343/343 354/354/354 
f 354/354/354 343/343/343 355/355/355 
f 343/343/343 343/343/343 355/355/355 
f 355/355/355 343/343/343 356/356/356 
f 343/343/343 344/344/344 356/356/356 
f 356/356/356 344/344/344 357/357/357 
f 344/344/344 345/345/345 357/357/357 
f 357/357/357 345/345/345 357/357/357 
f 345/345/345 346/346/346 357/357/357 
f 357/357/357 346/346/346 358/358/358 
f 346/346/346 347/347/347 358/358/358 
f 358/358/358 347/347/347 359/359/359 
f 347/347/347 348/348/348 359/359/359 
f 359/359/359 348/348/348 360/360/360 
f 348/348/348 350/350/350 360/360/360 
f 360/360/360 350/350/350 361/361/361 
f 350/350/350 352/352/352 361/361/361 
f 361/361/361 352/352/352 362/362/362 
f 352/352/352 352/352/352 362/362/362 
f 362/362/362 352/352/352 363/363/363 
f 352/352/352 353/353/353 363/363/363 
f 363/363/363 353/353/353 364/364/364 
f 353/353/353 354/354/354 364/364/364 
f 364/364/364 354/354/354 364/364/364 
f 354/354/354 355/355/355 364/364/364 
f 364/364/364 355/355/355 365/365/365 
f 355/355/355 355/355/355 365/365/365 
f 365/365/365 355/355/355 366/366/366 
f 355/355/355 356/356/356 366/366/366 
f 366/366/366 356/356/356 367/367/367 
f 356/356/356 357/357/357 367/367/367 
f 367/367/367 357/357/357 367/367/367 
f 357/357/357 358/358/358 367/367/367 
f 367/367/367 358/358/358 368/368/368 
f 358/358/358 359/359/359 368/368/368 
f 368/368/368 359/359/359 369/369/369 
f 359/359/359 360/360/360 369/369/369 
f 369/369/369 360/360/360 370/370/370 
f 360/360/360 361/361/361 370/370/370 
f 370/370/370 361/361/361 371/371/371 
f 361/361/361 362/362/362 371/371/371 
f 371/371/371 362/362/362 362/362/362 
f 362/362/362 230/230/230 362/362/362 
f 362/362/362 230/230/230 230/230/230 
f 230/230/230 231/231/231 230/230/230 
f 230/230/230 231/231/231 349/349/349 
f 231/231/231 234/234/234 349/349/349 
f 349/349/349 234/234/234 351/351/351 
f 234/234/234 342/342/342 351/351/351 
f 351/351/351 342/342/342 342/342/342 
f 342/342/342 371/371/371 342/342/342 
f 342/342/342 371/371/371 371/371/371 
f 371/371/371 372/372/372 371/371/371 
f 371/371/371 372/372/372 370/370/370 
f 372/372/372 373/373/373 370/370/370 
f 370/370/370 373/373/373 369/369/369 
f 373/373/373 369/369/369 369/369/369 
f 369/369/369 369/369/369 373/373/373 
f 369/369/369 373/373/373 373/373/373 
f 373/373/373 373/373/373 374/374/374 
f 373/373/373 372/372/372 374/374/374 
f 374/374/374 372/372/372 374/374/374 
f 372/372/372 371/371/371 374/374/374 
f 374/374/374 371/371/371 375/375/375 
f 371/371/371 362/362/362 375/375/375 
f 375/375/375 362/362/362 376/376/376 
f 362/362/362 363/363/363 376/376/376 
f 376/376/376 363/363/363 377/377/377 
f 363/363/363 364/364/364 377/377/377 
f 377/377/377 364/364/364 377/377/377 
f 364/364/364 365/365/365 377/377/377 
f 377/377/377 365/365/365 378/378/378 
f 365/365/365 365/365/365 378/378/378 
f 378/378/378 365/365/365 379/379/379 
f 365/365/365 366/366/366 379/379/379 
f 379/379/379 366/366/366 380/380/380 
f 366/366/366 367/367/367 380/380/380 
f 380/380/380 367/367/367 380/380/380 
f 367/367/367 368/368/368 380/380/380 
f 380/380/380 368/368/368 381/381/381 
f 368/368/368 369/369/369 381/381/381 
f 381/381/381 369/369/369 381/381/381 
f 369/369/369 373/373/373 381/381/381 
f 381/381/381 373/373/373 382/382/382 
f 373/373/373 373/373/373 382/382/382 
f 382/382/382 373/373/373 383/383/383 
f 373/373/373 374/374/374 383/383/383 
f 383/383/383 374/374/374 376/376/376 
f 374/374/374 375/375/375 376/376/376 
f 376/376/376 375/375/375 375/375/375 
f 375/375/375 383/383/383 375/375/375 
f 375/375/375 383/383/383 383/383/383 
f 383/383/383 376/376/376 383/383/383 
f 383/383/383 376/376/376 384/384/384 
f 376/376/376 377/377/377 384/384/384 
f 384/384/384 377/377/377 384/384/384 
f 377/377/377 378/378/378 384/384/384 
f 384/384/384 378/378/378 385/385/385 
f 378/378/378 386/386/386 385/385/385 
f 385/385/385 386/386/386 384/384/384 
f 386/386/386 386/386/386 384/384/384 
f 384/384/384 386/386/386 383/383/383 
f 386/386/386 386/386/386 383/383/383 
f 383/383/383 386/386/386 382/382/382 
f 386/386/386 387/387/387 382/382/382 
f 382/382/382 387/387/387 388/388/388 
f 387/387/387 386/386/386 388/388/388 
f 388/388/388 386/386/386 379/379/379 
f 386/386/386 378/378/378 379/379/379 
f 379/379/379 378/378/378 378/378/378 
f 378/378/378 382/382/382 378/378/378 
f 378/378/378 382/382/382 382/382/382 
f 382/382/382 388/388/388 382/382/382 
f 382/382/382 388/388/388 381/381/381 
f 388/388/388 388/388/388 381/381/381 
f 381/381/381 388/388/388 380/380/380 
f 388/388/388 379/379/379 380/380/380 
f 380/380/380 379/379/379 379/379/379 
f 379/379/379 389/389/389 379/379/379 
f 379/379/379 389/389/389 389/389/389 
f 389/389/389 206/206/206 389/389/389 
f 389/389/389 206/206/206 390/390/390 
f 206/206/206 206/206/206 390/390/390 
f 390/390/390 206/206/206 391/391/391 
f 206/206/206 201/201/201 391/391/391 
f 391/391/391 201/201/201 392/392/392 
f 201/201/201 393/393/393 392/392/392 
f 392/392/392 393/393/393 392/392/392 
f 393/393/393 394/394/394 392/392/392 
f 392/392/392 394/394/394 395/395/395 
f 394/394/394 395/395/395 395/395/395 
f 395/395/395 395/395/395 206/206/206 
f 395/395/395 206/206/206 206/206/206 
f 206/206/206 206/206/206 205/205/205 
f 206/206/206 396/396/396 205/205/205 
f 205/205/205 396/396/396 397/397/397 
f 396/396/396 397/397/397 397/397/397 
f 397/397/397 397/397/397 398/398/398 
f 397/397/397 398/398/398 398/398/398 
f 398/398/398 398/398/398 399/399/399 
f 398/398/398 391/391/391 399/399/399 
f 399/399/399 391/391/391 392/392/392 
f 391/391/391 392/392/392 392/392/392 
f 392/392/392 392/392/392 201/201/201 
f 392/392/392 201/201/201 201/201/201 
f 201/201/201 201/201/201 393/393/393 
f 201/201/201 400/400/400 393/393/393 
f 393/393/393 400/400/400 401/401/401 
f 400/400/400 401/401/401 401/401/401 
f 401/401/401 401/401/401 402/402/402 
f 401/401/401 402/402/402 402/402/402 
f 402/402/402 402/402/402 403/403/403 
f 402/402/402 404/404/404 403/403/403 
f 403/403/403 404/404/404 405/405/405 
f 404/404/404 405/405/405 405/405/405 
f 405/405/405 405/405/405 406/406/406 
f 405/405/405 406/406/406 406/406/406 
f 406/406/406 406/406/406 407/407/407 
f 406/406/406 408/408/408 407/407/407 
f 407/407/407 408/408/408 409/409/409 
f 408/408/408 409/409/409 409/409/409 
f 409/409/409 409/409/409 410/410/410 
f 409/409/409 410/410/410 410/410/410 
f 410/410/410 410/410/410 411/411/411 
f 410/410/410 412/412/412 411/411/411 
f 411/411/411 412/412/412 413/413/413 
f 412/412/412 413/413/413 413/413/413 
f 413/413/413 413/413/413 414/414/414 
f 413/413/413 414/414/414 414/414/414 
f 414/414/414 414/414/414 415/415/415 
f 414/414/414 416/416/416 415/415/415 
f 415/415/415 416/416/416 417/417/417 
f 416/416/416 417/417/417 417/417/417 
f 417/417/417 417/417/417 418/418/418 
f 417/417/417 418/418/418 418/418/418 
f 418/418/418 418/418/418 419/419/419 
f 418/418/418 420/420/420 419/419/419 
f 419/419/419 420/420/420 421/421/421 
f 420/420/420 421/421/421 421/421/421 
f 421/421/421 421/421/421 422/422/422 
f 421/421/421 422/422/422 422/422/422 
f 422/422/422 422/422/422 423/423/423 
f 422/422/422 424/424/424 423/423/423 
f 423/423/423 424/424/424 425/425/425 
f 424/424/424 426/426/426 425/425/425 
f 425/425/425 426/426/426 425/425/425 
f 426/426/426 427/427/427 425/425/425 
f 425/425/425 427/427/427 425/425/425 
f 427/427/427 428/428/428 425/425/425 
f 425/425/425 428/428/428 429/429/429 
f 428/428/428 430/430/430 429/429/429 
f 429/429/429 430/430/430 429/429/429 
f 430/430/430 431/431/431 429/429/429 
f 429/429/429 431/431/431 429/429/429 
f 431/431/431 432/432/432 429/429/429 
f 429/429/429 432/432/432 429/429/429 
f 432/432/432 433/433/433 429/429/429 
f 429/429/429 433/433/433 425/425/425 
f 433/433/433 423/423/423 425/425/425 
f 425/425/425 423/423/423 423/423/423 
f 423/423/423 426/426/426 423/423/423 
f 423/423/423 426/426/426 426/426/426 
f 426/426/426 424/424/424 426/426/426 
f 426/426/426 424/424/424 434/434/434 
f 424/424/424 434/434/434 434/434/434 
f 434/434/434 434/434/434 428/428/428 
f 434/434/434 428/428/428 428/428/428 
f 428/428/428 428/428/428 430/430/430 
f 428/428/428 435/435/435 430/430/430 
f 430/430/430 435/435/435 430/430/430 
f 435/435/435 436/436/436 430/430/430 
f 430/430/430 436/436/436 437/437/437 
f 436/436/436 438/438/438 437/437/437 
f 437/437/437 438/438/438 438/438/438 
f 438/438/438 430/430/430 438/438/438 
f 438/438/438 430/430/430 430/430/430 
f 430/430/430 437/437/437 430/430/430 
f 430/430/430 437/437/437 431/431/431 
f 437/437/437 437/437/437 431/431/431 
f 431/431/431 437/437/437 439/439/439 
f 437/437/437 440/440/440 439/439/439 
f 439/439/439 440/440/440 440/440/440 
f 440/440/440 441/441/441 440/440/440 
f 440/440/440 441/441/441 441/441/441 
f 441/441/441 442/442/442 441/441/441 
f 441/441/441 442/442/442 443/443/443 
f 442/442/442 444/444/444 443/443/443 
f 443/443/443 444/444/444 445/445/445 
f 444/444/444 446/446/446 445/445/445 
f 445/445/445 446/446/446 447/447/447 
f 446/446/446 448/448/448 447/447/447 
f 447/447/447 448/448/448 448/448/448 
f 448/448/448 449/449/449 448/448/448 
f 448/448/448 449/449/449 449/449/449 
f 449/449/449 450/450/450 449/449/449 
f 449/449/449 450/450/450 451/451/451 
f 450/450/450 452/452/452 451/451/451 
f 451/451/451 452/452/452 452/452/452 
f 452/452/452 453/453/453 452/452/452 
f 452/452/452 453/453/453 453/453/453 
f 453/453/453 454/454/454 453/453/453 
f 453/453/453 454/454/454 455/455/455 
f 454/454/454 456/456/456 455/455/455 
f 455/455/455 456/456/456 456/456/456 
f 456/456/456 457/457/457 456/456/456 
f 456/456/456 457/457/457 457/457/457 
f 457/457/457 458/458/458 457/457/457 
f 457/457/457 458/458/458 459/459/459 
f 458/458/458 460/460/460 459/459/459 
f 459/459/459 460/460/460 460/460/460 
f 460/460/460 461/461/461 460/460/460 
f 460/460/460 461/461/461 461/461/461 
f 461/461/461 462/462/462 461/461/461 
f 461/461/461 462/462/462 463/463/463 
f 462/462/462 464/464/464 463/463/463 
f 463/463/463 464/464/464 464/464/464 
f 464/464/464 465/465/465 464/464/464 
f 464/464/464 465/465/465 465/465/465 
f 465/465/465 466/466/466 465/465/465 
f 465/465/465 466/466/466 467/467/467 
f 466/466/466 468/468/468 467/467/467 
f 467/467/467 468/468/468 468/468/468 
f 468/468/468 469/469/469 468/468/468 
f 468/468/468 469/469/469 469/469/469 
f 469/469/469 470/470/470 469/469/469 
f 469/469/469 470/470/470 471/471/471 
f 470/470/470 472/472/472 471/471/471 
f 471/471/471 472/472/472 472/472/472 
f 472/472/472 473/473/473 472/472/472 
f 472/472/472 473/473/473 473/473/473 
f 473/473/473 474/474/474 473/473/473 
f 473/473/473 474/474/474 475/475/475 
f 474/474/474 476/476/476 475/475/475 
f 475/475/475 476/476/476 476/476/476 
f 476/476/476 477/477/477 476/476/476 
f 476/476/476 477/477/477 477/477/477 
f 477/477/477 478/478/478 477/477/477 
f 477/477/477 478/478/478 479/479/479 
f 478/478/478 480/480/480 479/479/479 
f 479/479/479 480/480/480 480/480/480 
f 480/480/480 481/481/481 480/480/480 
f 480/480/480 481/481/481 481/481/481 
f 481/481/481 482/482/482 481/481/481 
f 481/481/481 482/482/482 483/483/483 
f 482/482/482 484/484/484 483/483/483 
f 483/483/483 484/484/484 484/484/484 
f 484/484/484 485/485/485 484/484/484 
f 484/484/484 485/485/485 485/485/485 
f 485/485/485 486/486/486 485/485/485 
f 485/485/485 486/486/486 487/487/487 
f 486/486/486 488/488/488 487/487/487 
f 487/487/487 488/488/488 488/488/488 
f 488/488/488 489/489/489 488/488/488 
f 488/488/488 489/489/489 489/489/489 
f 489/489/489 490/490/490 489/489/489 
f 489/489/489 490/490/490 491/491/491 
f 490/490/490 492/492/492 491/491/491 
f 491/491/491 492/492/492 492/492/492 
f 492/492/492 493/493/493 492/492/492 
f 492/492/492 493/493/493 493/493/493 
f 493/493/493 494/494/494 493/493/493 
f 493/493/493 494/494/494 495/495/495 
f 494/494/494 496/496/496 495/495/495 
f 495/495/495 496/496/496 496/496/496 
f 496/496/496 497/497/497 496/496/496 
f 496/496/496 497/497/497 497/497/497 
f 497/497/497 498/498/498 497/497/497 
f 497/497/497 498/498/498 499/499/499 
f 498/498/498 500/500/500 499/499/499 
f 499/499/499 500/500/500 500/500/500 
f 500/500/500 501/501/501 500/500/500 
f 500/500/500 501/501/501 501/501/501 
f 501/501/501 502/502/502 501/501/501 
f 501/501/501 502/502/502 503/503/503 
f 502/502/502 504/504/504 503/503/503 
f 503/503/503 504/504/504 504/504/504 
f 504/504/504 505/505/505 504/504/504 
f 504/504/504 505/505/505 505/505/505 
f 505/505/505 506/506/506 505/505/505 
f 505/505/505 506/506/506 507/507/507 
f 506/506/506 508/508/508 507/507/507 
f 507/507/507 508/508/508 508/508/508 
f 508/508/508 509/509/509 508/508/508 
f 508/508/508 509/509/509 509/509/509 
f 509/509/509 510/510/510 509/509/509 
f 509/509/509 510/510/510 511/511/511 
f 510/510/510 512/512/512 511/511/511 
f 511/511/511 512/512/512 512/512/512 
f 512/512/512 513/513/513 512/512/512 
f 512/512/512 513/513/513 513/513/513 
f 513/513/513 514/514/514 513/513/513 
f 513/513/513 514/514/514 515/515/515 
f 514/514/514 516/516/516 515/515/515 
f 515/515/515 516/516/516 516/516/516 
f 516/516/516 517/517/517 516/516/516 
f 516/516/516 517/517/517 517/517/517 
f 517/517/517 518/518/518 517/517/517 
f 517/517/517 518/518/518 519/519/519 
f 518/518/518 520/520/520 519/519/519 
f 519/519/519 520/520/520 520/520/520 
f 520/520/520 521/521/521 520/520/520 
f 520/520/520 521/521/521 521/521/521 
f 521/521/521 522/522/522 521/521/521 
f 521/521/521 522/522/522 523/523/523 
f 522/522/522 524/524/524 523/523/523 
f 523/523/523 524/524/524 524/524/524 
f 524/524/524 525/525/525 524/524/524 
f 524/524/524 525/525/525 525/525/525 
f 525/525/525 526/526/526 525/525/525 
f 525/525/525 526/526/526 527/527/527 
f 526/526/526 528/528/528 527/527/527 
f 527/527/527 528/528/528 528/528/528 
f 528/528/528 529/529/529 528/528/528 
f 528/528/528 529/529/529 529/529/529 
f 529/529/529 530/530/530 529/529/529 
f 529/529/529 530/530/530 531/531/531 
f 530/530/530 532/532/532 531/531/531 
f 531/531/531 532/532/532 532/532/532 
f 532/532/532 533/533/533 532/532/532 
f 532/532/532 533/533/533 533/533/533 
f 533/533/533 534/534/534 533/533/533 
f 533/533/533 534/534/534 535/535/535 
f 534/534/534 536/536/536 535/535/535 
f 535/535/535 536/536/536 536/536/536 
f 536/536/536 537/537/537 536/536/536 
f 536/536/536 537/537/537 537/537/537 
f 537/537/537 538/538/538 537/537/537 
f 537/537/537 538/538/538 539/539/539 
f 538/538/538 540/540/540 539/539/539 
f 539/539/539 540/540/540 540/540/540 
f 540/540/540 541/541/541 540/540/540 
f 540/540/540 541/541/541 541/541/541 
f 541/541/541 542/542/542 541/541/541 
f 541/541/541 542/542/542 543/543/543 
f 542/542/542 544/544/544 543/543/543 
f 543/543/543 544/544/544 544/544/544 
f 544/544/544 545/545/545 544/544/544 
f 544/544/544 545/545/545 545/545/545 
f 545/545/545 546/546/546 545/545/545 
f 545/545/545 546/546/546 547/547/547 
f 546/546/546 548/548/548 547/547/547 
f 547/547/547 548/548/548 548/548/548 
f 548/548/548 549/549/549 548/548/548 
f 548/548/548 549/549/549 549/549/549 
f 549/549/549 550/550/550 549/549/549 
f 549/549/549 550/550/550 551/551/551 
f 550/550/550 552/552/552 551/551/551 
f 551/551/551 552/552/552 552/552/552 
f 552/552/552 553/553/553 552/552/552 
f 552/552/552 553/553/553 553/553/553 
f 553/553/553 554/554/554 553/553/553 
f 553/553/553 554/554/554 555/555/555 
f 554/554/554 556/556/556 555/555/555 
f 555/555/555 556/556/556 556/556/556 
f 556/556/556 557/557/557 556/556/556 
f 556/556/556 557/557/557 557/557/557 
f 557/557/557 558/558/558 557/557/557 
f 557/557/557 558/558/558 559/559/559 
f 558/558/558 560/560/560 559/559/559 
f 559/559/559 560/560/560 560/560/560 
f 560/560/560 561/561/561 560/560/560 
f 560/560/560 561/561/561 561/561/561 
f 561/561/561 562/562/562 561/561/561 
f 561/561/561 562/562/562 563/563/563 
f 562/562/562 564/564/564 563/563/563 
f 563/563/563 564/564/564 564/564/564 
f 564/564/564 565/565/565 564/564/564 
f 564/564/564 565/565/565 565/565/565 
f 565/565/565 566/566/566 565/565/565 
f 565/565/565 566/566/566 567/567/567 
f 566/566/566 568/568/568 567/567/567 
f 567/567/567 568/568/568 568/568/568 
f 568/568/568 569/569/569 568/568/568 
f 568/568/568 569/569/569 569/569/569 
f 569/569/569 570/570/570 569/569/569 
f 569/569/569 570/570/570 571/571/571 
f 570/570/570 572/572/572 571/571/571 
f 571/571/571 572/572/572 572/572/572 
f 572/572/572 573/573/573 572/572/572 
f 572/572/572 573/573/573 573/573/573 
f 573/573/573 574/574/574 573/573/573 
f 573/573/573 574/574/574 575/575/575 
f 574/574/574 576/576/576 575/575/575 
f 575/575/575 576/576/576 576/576/576 
f 576/576/576 577/577/577 576/576/576 
f 576/576/576 577/577/577 577/577/577 
f 577/577/577 578/578/578 577/577/577 
f 577/577/577 578/578/578 579/579/579 
f 578/578/578 580/580/580 579/579/579 
f 579/579/579 580/580/580 580/580/580 
f 580/580/580 581/581/581 580/580/580 
f 580/580/580 581/581/581 581/581/581 
f 581/581/581 582/582/582 581/581/581 
f 581/581/581 582/582/582 583/583/583 
f 582/582/582 584/584/584 583/583/583 
f 583/583/583 584/584/584 584/584/584 
f 584/584/584 585/585/585 584/584/584 
f 584/584/584 585/585/585 585/585/585 
f 585/585/585 586/586/586 585/585/585 
f 585/585/585 586/586/586 587/587/587 
f 586/586/586 588/588/588 587/587/587 
f 587/587/587 588/588/588 588/588/588 
f 588/588/588 589/589/589 588/588/588 
f 588/588/588 589/589/589 589/589/589 
f 589/589/589 590/590/590 589/589/589 
f 589/589/589 590/590/590 591/591/591 
f 590/590/590 592/592/592 591/591/591 
f 591/591/591 592/592/592 592/592/592 
f 592/592/592 593/593/593 592/592/592 
f 592/592/592 593/593/593 593/593/593 
f 593/593/593 594/594/594 593/593/593 
f 593/593/593 594/594/594 595/595/595 
f 594/594/594 596/596/596 595/595/595 
f 595/595/595 596/596/596 596/596/596 
f 596/596/596 165/165/165 596/596/596 
f 596/596/596 165/165/165 165/165/165 
f 165/165/165 597/597/597 165/165/165 
f 165/165/165 597/597/597 166/166/166 
f 597/597/597 597/597/597 166/166/166 
f 166/166/166 597/597/597 167/167/167 
f 597/597/597 597/597/597 167/167/167 
f 167/167/167 597/597/597 164/164/164 
f 597/597/597 165/165/165 164/164/164 

